,FilePath,Text,T_start,T_end,Annoted,AnnotET,Learned,LearnET
0,/Users/floyd/Desktop/Research/NER-CRF/cctner/dataset/annoted/batch1/一般项目/一般项目-104.txt,胀,0,0,胀,Sy,,
1,/Users/floyd/Desktop/Research/NER-CRF/cctner/dataset/annoted/batch1/一般项目/一般项目-118.txt,疱疹性咽峡炎,63,68,疱疹性咽峡炎,Si,疱疹,Sy
2,/Users/floyd/Desktop/Research/NER-CRF/cctner/dataset/annoted/batch1/一般项目/一般项目-125.txt,发热,43,44,发热,Sy,,
3,/Users/floyd/Desktop/Research/NER-CRF/cctner/dataset/annoted/batch1/一般项目/一般项目-186.txt,麻木无力,51,54,麻木,Sy,麻木无力,Sy
4,/Users/floyd/Desktop/Research/NER-CRF/cctner/dataset/annoted/batch1/一般项目/一般项目-186.txt,麻木无力,51,54,无力,Sy,麻木无力,Sy
5,/Users/floyd/Desktop/Research/NER-CRF/cctner/dataset/annoted/batch1/一般项目/一般项目-19.txt,左肘关节屈曲畸形,30,37,左肘关节,Bo,左肘关节屈曲畸形,Tr
6,/Users/floyd/Desktop/Research/NER-CRF/cctner/dataset/annoted/batch1/一般项目/一般项目-19.txt,左肘关节屈曲畸形,30,37,屈曲畸形,Sy,左肘关节屈曲畸形,Tr
7,/Users/floyd/Desktop/Research/NER-CRF/cctner/dataset/annoted/batch1/一般项目/一般项目-198.txt,活动不灵,34,37,活动不灵,Sy,,
8,/Users/floyd/Desktop/Research/NER-CRF/cctner/dataset/annoted/batch1/一般项目/一般项目-198.txt,言语不利,39,42,言语不利,Sy,,
9,/Users/floyd/Desktop/Research/NER-CRF/cctner/dataset/annoted/batch1/一般项目/一般项目-208.txt,腰部,41,42,腰,Bo,腰部,Bo
10,/Users/floyd/Desktop/Research/NER-CRF/cctner/dataset/annoted/batch1/一般项目/一般项目-226.txt,无力,54,55,,,无力,Sy
11,/Users/floyd/Desktop/Research/NER-CRF/cctner/dataset/annoted/batch1/一般项目/一般项目-230.txt,酸痛,51,52,酸痛,Sy,,
12,/Users/floyd/Desktop/Research/NER-CRF/cctner/dataset/annoted/batch1/一般项目/一般项目-244.txt,肿物,28,29,肿物,Sy,,
13,/Users/floyd/Desktop/Research/NER-CRF/cctner/dataset/annoted/batch1/一般项目/一般项目-247.txt,右下腹痛,12,15,右下腹痛,Sy,右下腹痛,Bo
14,/Users/floyd/Desktop/Research/NER-CRF/cctner/dataset/annoted/batch1/一般项目/一般项目-248.txt,@右下腹痛,12,16, 右下腹痛,Sy,腹痛,Sy
15,/Users/floyd/Desktop/Research/NER-CRF/cctner/dataset/annoted/batch1/一般项目/一般项目-255.txt,右下肢功能障碍,49,55,右下肢,Bo,右下肢功能障碍,Ch
16,/Users/floyd/Desktop/Research/NER-CRF/cctner/dataset/annoted/batch1/一般项目/一般项目-260.txt,头部腰部,25,28,头部,Bo,头部腰部,Bo
17,/Users/floyd/Desktop/Research/NER-CRF/cctner/dataset/annoted/batch1/一般项目/一般项目-260.txt,头部腰部,25,28,腰部,Bo,头部腰部,Bo
18,/Users/floyd/Desktop/Research/NER-CRF/cctner/dataset/annoted/batch1/一般项目/一般项目-283.txt,淤青,16,17,淤青,Sy,,
19,/Users/floyd/Desktop/Research/NER-CRF/cctner/dataset/annoted/batch1/一般项目/一般项目-284.txt,运输部,16,18,,,运输部,Bo
20,/Users/floyd/Desktop/Research/NER-CRF/cctner/dataset/annoted/batch1/一般项目/一般项目-295.txt,左手拇指末节背侧,24,31,左手拇指末节背侧,Bo,左手拇指末节,Bo
21,/Users/floyd/Desktop/Research/NER-CRF/cctner/dataset/annoted/batch1/一般项目/一般项目-300.txt,右胸背部双下肢,15,21,右胸,Bo,右胸背部双下肢,Bo
22,/Users/floyd/Desktop/Research/NER-CRF/cctner/dataset/annoted/batch1/一般项目/一般项目-300.txt,右胸背部双下肢,15,21,背部,Bo,右胸背部双下肢,Bo
23,/Users/floyd/Desktop/Research/NER-CRF/cctner/dataset/annoted/batch1/一般项目/一般项目-300.txt,右胸背部双下肢,15,21,双下肢,Bo,右胸背部双下肢,Bo
24,/Users/floyd/Desktop/Research/NER-CRF/cctner/dataset/annoted/batch1/一般项目/一般项目-6.txt,便,25,25,便,Bo,,
25,/Users/floyd/Desktop/Research/NER-CRF/cctner/dataset/annoted/batch1/一般项目/一般项目-67.txt,下腹痛,0,2,下腹痛,Sy,腹痛,Sy
26,/Users/floyd/Desktop/Research/NER-CRF/cctner/dataset/annoted/batch1/病史特点/病史特点-100.txt,右胫骨骨折,22,26,右胫骨,Bo,右胫骨骨折,Si
27,/Users/floyd/Desktop/Research/NER-CRF/cctner/dataset/annoted/batch1/病史特点/病史特点-100.txt,右胫骨骨折,22,26,骨折,Sy,右胫骨骨折,Si
28,/Users/floyd/Desktop/Research/NER-CRF/cctner/dataset/annoted/batch1/病史特点/病史特点-100.txt,手术治疗(具体不详),28,37,手术治疗(具体不详),Tr,,
29,/Users/floyd/Desktop/Research/NER-CRF/cctner/dataset/annoted/batch1/病史特点/病史特点-100.txt,全身皮肤粘膜,221,226,全身皮肤粘膜,Bo,皮肤粘膜,Bo
30,/Users/floyd/Desktop/Research/NER-CRF/cctner/dataset/annoted/batch1/病史特点/病史特点-100.txt,鼻甲,323,324,,,鼻甲,Bo
31,/Users/floyd/Desktop/Research/NER-CRF/cctner/dataset/annoted/batch1/病史特点/病史特点-100.txt,鼻窦,329,330,,,鼻窦,Bo
32,/Users/floyd/Desktop/Research/NER-CRF/cctner/dataset/annoted/batch1/病史特点/病史特点-100.txt,血管,401,402,,,血管,Bo
33,/Users/floyd/Desktop/Research/NER-CRF/cctner/dataset/annoted/batch1/病史特点/病史特点-100.txt,各瓣膜听诊区,522,527,,,各瓣膜听诊区,Bo
34,/Users/floyd/Desktop/Research/NER-CRF/cctner/dataset/annoted/batch1/病史特点/病史特点-100.txt,双侧肱二、三头肌反射,644,653,,,双侧肱二、三头肌反射,Ch
35,/Users/floyd/Desktop/Research/NER-CRF/cctner/dataset/annoted/batch1/病史特点/病史特点-100.txt,膝腱反射,655,658,,,膝腱反射,Ch
36,/Users/floyd/Desktop/Research/NER-CRF/cctner/dataset/annoted/batch1/病史特点/病史特点-100.txt,左侧胸部,684,687,胸部,Bo,左侧胸部,Bo
37,/Users/floyd/Desktop/Research/NER-CRF/cctner/dataset/annoted/batch1/病史特点/病史特点-100.txt,肢体,711,712,,,肢体,Bo
38,/Users/floyd/Desktop/Research/NER-CRF/cctner/dataset/annoted/batch1/病史特点/病史特点-100.txt,肋骨重建,730,733,肋骨重建,Ch,肋骨,Bo
39,/Users/floyd/Desktop/Research/NER-CRF/cctner/dataset/annoted/batch1/病史特点/病史特点-100.txt,右肺中叶炎症,737,742,右肺中叶炎症,Si,右肺,Bo
40,/Users/floyd/Desktop/Research/NER-CRF/cctner/dataset/annoted/batch1/病史特点/病史特点-100.txt,主动脉硬化,752,756,主动脉硬化,Si,主动脉,Bo
41,/Users/floyd/Desktop/Research/NER-CRF/cctner/dataset/annoted/batch1/病史特点/病史特点-100.txt,左侧第2、3、4肋骨骨折,758,769,左侧第2、3、4肋骨骨折,Si,左侧第2、3、4肋骨,Bo
42,/Users/floyd/Desktop/Research/NER-CRF/cctner/dataset/annoted/batch1/病史特点/病史特点-100.txt,左侧第2、3、4肋骨骨折,758,769,左侧第2、3、4肋骨骨折,Si,骨折,Sy
43,/Users/floyd/Desktop/Research/NER-CRF/cctner/dataset/annoted/batch1/病史特点/病史特点-102.txt,身体多处,56,59,身体多处,Bo,,
44,/Users/floyd/Desktop/Research/NER-CRF/cctner/dataset/annoted/batch1/病史特点/病史特点-102.txt,肝胆脾胰双肾CT扫描,152,161,肝胆脾胰双肾CT扫描,Ch,肝胆脾胰双肾CT,Ch
45,/Users/floyd/Desktop/Research/NER-CRF/cctner/dataset/annoted/batch1/病史特点/病史特点-102.txt,DR,169,170,DR,Ch,,
46,/Users/floyd/Desktop/Research/NER-CRF/cctner/dataset/annoted/batch1/病史特点/病史特点-102.txt,右肘关节,176,179,右肘关节,Bo,右肘,Bo
47,/Users/floyd/Desktop/Research/NER-CRF/cctner/dataset/annoted/batch1/病史特点/病史特点-102.txt,跟膝腱反射,700,704,跟膝腱,Bo,跟膝腱反射,Ch
48,/Users/floyd/Desktop/Research/NER-CRF/cctner/dataset/annoted/batch1/病史特点/病史特点-102.txt,双眼周围,768,771,双眼周围,Bo,双眼,Bo
49,/Users/floyd/Desktop/Research/NER-CRF/cctner/dataset/annoted/batch1/病史特点/病史特点-102.txt,右肘关节,801,804,右肘关节,Bo,右肘,Bo
50,/Users/floyd/Desktop/Research/NER-CRF/cctner/dataset/annoted/batch1/病史特点/病史特点-102.txt,CT,841,842,,,CT,Ch
51,/Users/floyd/Desktop/Research/NER-CRF/cctner/dataset/annoted/batch1/病史特点/病史特点-102.txt,头颅CT,848,851,,,头颅CT,Ch
52,/Users/floyd/Desktop/Research/NER-CRF/cctner/dataset/annoted/batch1/病史特点/病史特点-102.txt,胸部CT,858,861,,,胸部CT,Ch
53,/Users/floyd/Desktop/Research/NER-CRF/cctner/dataset/annoted/batch1/病史特点/病史特点-102.txt,肝胆脾胰双肾CT,866,873,,,肝胆脾胰双肾CT,Ch
54,/Users/floyd/Desktop/Research/NER-CRF/cctner/dataset/annoted/batch1/病史特点/病史特点-102.txt,右肘,890,891,,,右肘,Bo
55,/Users/floyd/Desktop/Research/NER-CRF/cctner/dataset/annoted/batch1/病史特点/病史特点-102.txt,右肩关节,895,898,,,右肩关节,Bo
56,/Users/floyd/Desktop/Research/NER-CRF/cctner/dataset/annoted/batch1/病史特点/病史特点-102.txt,右髋关节,900,903,,,右髋关节,Bo
57,/Users/floyd/Desktop/Research/NER-CRF/cctner/dataset/annoted/batch1/病史特点/病史特点-105.txt,规律服药(具体药名剂量不详),25,38,规律服药(具体药名剂量不详),Tr,,
58,/Users/floyd/Desktop/Research/NER-CRF/cctner/dataset/annoted/batch1/病史特点/病史特点-105.txt,各鼻窦,238,240,各鼻窦,Bo,鼻窦,Bo
59,/Users/floyd/Desktop/Research/NER-CRF/cctner/dataset/annoted/batch1/病史特点/病史特点-105.txt,静脉怒张,280,283,怒张,Sy,静脉怒张,Sy
60,/Users/floyd/Desktop/Research/NER-CRF/cctner/dataset/annoted/batch1/病史特点/病史特点-105.txt,颈动脉,285,287,,,颈动脉,Bo
61,/Users/floyd/Desktop/Research/NER-CRF/cctner/dataset/annoted/batch1/病史特点/病史特点-105.txt,血管,311,312,,,血管,Bo
62,/Users/floyd/Desktop/Research/NER-CRF/cctner/dataset/annoted/batch1/病史特点/病史特点-105.txt,左侧胸部,605,608,胸部,Bo,左侧胸部,Bo
63,/Users/floyd/Desktop/Research/NER-CRF/cctner/dataset/annoted/batch1/病史特点/病史特点-105.txt,左侧上腹部,632,636,上腹部,Bo,左侧上腹部,Bo
64,/Users/floyd/Desktop/Research/NER-CRF/cctner/dataset/annoted/batch1/病史特点/病史特点-105.txt,肝囊肿,692,694,肝,Bo,肝囊肿,Bo
65,/Users/floyd/Desktop/Research/NER-CRF/cctner/dataset/annoted/batch1/病史特点/病史特点-105.txt,肝,696,696,,,肝,Bo
66,/Users/floyd/Desktop/Research/NER-CRF/cctner/dataset/annoted/batch1/病史特点/病史特点-107.txt,精神分裂症,12,16,精神分裂症,Si,,
67,/Users/floyd/Desktop/Research/NER-CRF/cctner/dataset/annoted/batch1/病史特点/病史特点-107.txt,氯氮平等药物,24,29,氯氮平,Tr,氯氮平等药物,Tr
68,/Users/floyd/Desktop/Research/NER-CRF/cctner/dataset/annoted/batch1/病史特点/病史特点-107.txt,山莨菪碱,89,92,,,山莨菪碱,Tr
69,/Users/floyd/Desktop/Research/NER-CRF/cctner/dataset/annoted/batch1/病史特点/病史特点-107.txt,超声,132,133,超声,Ch,,
70,/Users/floyd/Desktop/Research/NER-CRF/cctner/dataset/annoted/batch1/病史特点/病史特点-107.txt,右肾囊肿左侧输尿管上段,139,149,右肾,Bo,右肾囊肿左侧输尿管上段,Bo
71,/Users/floyd/Desktop/Research/NER-CRF/cctner/dataset/annoted/batch1/病史特点/病史特点-107.txt,两侧阴囊,625,628,阴囊,Bo,两侧阴囊,Bo
72,/Users/floyd/Desktop/Research/NER-CRF/cctner/dataset/annoted/batch1/病史特点/病史特点-113.txt,手术治疗(具体不详),34,43,手术治疗(具体不详),Tr,,
73,/Users/floyd/Desktop/Research/NER-CRF/cctner/dataset/annoted/batch1/病史特点/病史特点-113.txt,胸闷,94,95,胸,Bo,胸闷,Sy
74,/Users/floyd/Desktop/Research/NER-CRF/cctner/dataset/annoted/batch1/病史特点/病史特点-113.txt,左侧气胸,109,112,左侧气胸,Si,,
75,/Users/floyd/Desktop/Research/NER-CRF/cctner/dataset/annoted/batch1/病史特点/病史特点-113.txt,巩膜,210,211,,,巩膜,Bo
76,/Users/floyd/Desktop/Research/NER-CRF/cctner/dataset/annoted/batch1/病史特点/病史特点-113.txt,跟膝腱反射,361,365,跟膝腱,Bo,跟膝腱反射,Ch
77,/Users/floyd/Desktop/Research/NER-CRF/cctner/dataset/annoted/batch1/病史特点/病史特点-113.txt,左侧语颤,420,423,,,左侧语颤,Bo
78,/Users/floyd/Desktop/Research/NER-CRF/cctner/dataset/annoted/batch1/病史特点/病史特点-116.txt,足背伸力,315,318,足背,Bo,足背伸力,Ch
79,/Users/floyd/Desktop/Research/NER-CRF/cctner/dataset/annoted/batch1/病史特点/病史特点-124.txt,全身皮肤黏膜,143,148,皮肤黏膜,Bo,全身皮肤黏膜,Bo
80,/Users/floyd/Desktop/Research/NER-CRF/cctner/dataset/annoted/batch1/病史特点/病史特点-124.txt,双扁桃体,245,248,双扁桃体,Bo,扁桃体,Bo
81,/Users/floyd/Desktop/Research/NER-CRF/cctner/dataset/annoted/batch1/病史特点/病史特点-124.txt,两肺纹理,486,489,两肺纹理,Bo,两肺,Bo
82,/Users/floyd/Desktop/Research/NER-CRF/cctner/dataset/annoted/batch1/病史特点/病史特点-124.txt,肺纹理间隙,501,505,肺纹理,Bo,肺纹理间隙,Bo
83,/Users/floyd/Desktop/Research/NER-CRF/cctner/dataset/annoted/batch1/病史特点/病史特点-127.txt,全身皮肤黏膜,142,147,皮肤黏膜,Bo,全身皮肤黏膜,Bo
84,/Users/floyd/Desktop/Research/NER-CRF/cctner/dataset/annoted/batch1/病史特点/病史特点-127.txt,两肺纹理,425,428,两肺纹理,Bo,两肺,Bo
85,/Users/floyd/Desktop/Research/NER-CRF/cctner/dataset/annoted/batch1/病史特点/病史特点-129.txt,鸡鸣样尾音,59,63,,,鸡鸣样尾音,Ch
86,/Users/floyd/Desktop/Research/NER-CRF/cctner/dataset/annoted/batch1/病史特点/病史特点-129.txt,叩诊清音,272,275,清音,Ch,叩诊清音,Ch
87,/Users/floyd/Desktop/Research/NER-CRF/cctner/dataset/annoted/batch1/病史特点/病史特点-129.txt,双肺纹理,512,515,双肺纹理,Bo,双肺,Bo
88,/Users/floyd/Desktop/Research/NER-CRF/cctner/dataset/annoted/batch1/病史特点/病史特点-129.txt,急性支气管炎,585,590,急性支气管炎,Si,急性支气管,Si
89,/Users/floyd/Desktop/Research/NER-CRF/cctner/dataset/annoted/batch1/病史特点/病史特点-129.txt,感染性喉炎,606,610,感染性喉炎,Si,,
90,/Users/floyd/Desktop/Research/NER-CRF/cctner/dataset/annoted/batch1/病史特点/病史特点-129.txt,喉鸣音,657,659,,,喉鸣音,Ch
91,/Users/floyd/Desktop/Research/NER-CRF/cctner/dataset/annoted/batch1/病史特点/病史特点-129.txt,急性支气管炎与支气管,680,689,急性支气管炎,Si,急性支气管炎与支气管,Si
92,/Users/floyd/Desktop/Research/NER-CRF/cctner/dataset/annoted/batch1/病史特点/病史特点-129.txt,急性支气管炎与支气管肺炎,680,691,支气管肺炎,Si,急性支气管炎与支气管,Si
93,/Users/floyd/Desktop/Research/NER-CRF/cctner/dataset/annoted/batch1/病史特点/病史特点-129.txt,水泡音,712,714,,,水泡音,Ch
94,/Users/floyd/Desktop/Research/NER-CRF/cctner/dataset/annoted/batch1/病史特点/病史特点-129.txt,胸片,716,717,胸,Bo,胸片,Ch
95,/Users/floyd/Desktop/Research/NER-CRF/cctner/dataset/annoted/batch1/病史特点/病史特点-129.txt,喘息性支气管炎,749,755,喘息性支气管炎,Si,支气管炎,Bo
96,/Users/floyd/Desktop/Research/NER-CRF/cctner/dataset/annoted/batch1/病史特点/病史特点-129.txt,喘鸣音,776,778,,,喘鸣音,Ch
97,/Users/floyd/Desktop/Research/NER-CRF/cctner/dataset/annoted/batch1/病史特点/病史特点-129.txt,支气管炎,796,799,,,支气管炎,Si
98,/Users/floyd/Desktop/Research/NER-CRF/cctner/dataset/annoted/batch1/病史特点/病史特点-147.txt,中性细胞数,458,462,中性细胞数,Ch,中性细胞,Ch
99,/Users/floyd/Desktop/Research/NER-CRF/cctner/dataset/annoted/batch1/病史特点/病史特点-148.txt,鼾鸣音,293,295,,,鼾鸣音,Ch
100,/Users/floyd/Desktop/Research/NER-CRF/cctner/dataset/annoted/batch1/病史特点/病史特点-155.txt,两肺纹理,461,464,两肺纹理,Bo,两肺,Bo
101,/Users/floyd/Desktop/Research/NER-CRF/cctner/dataset/annoted/batch1/病史特点/病史特点-156.txt,干鸣音,316,318,干鸣音,Ch,,
102,/Users/floyd/Desktop/Research/NER-CRF/cctner/dataset/annoted/batch1/病史特点/病史特点-156.txt,左肺炎症,499,502,左肺,Bo,左肺炎症,Si
103,/Users/floyd/Desktop/Research/NER-CRF/cctner/dataset/annoted/batch1/病史特点/病史特点-156.txt,中性细胞数,542,546,中性细胞数,Ch,中性细胞,Ch
104,/Users/floyd/Desktop/Research/NER-CRF/cctner/dataset/annoted/batch1/病史特点/病史特点-156.txt,平均血红蛋白量,588,594,血红蛋白,Ch,平均血红蛋白量,Ch
105,/Users/floyd/Desktop/Research/NER-CRF/cctner/dataset/annoted/batch1/病史特点/病史特点-159.txt,脐周大血管旁,436,441,脐周大血管旁,Bo,脐周大血管,Bo
106,/Users/floyd/Desktop/Research/NER-CRF/cctner/dataset/annoted/batch1/病史特点/病史特点-159.txt,两肺纹理,483,486,两肺纹理,Bo,两肺,Bo
107,/Users/floyd/Desktop/Research/NER-CRF/cctner/dataset/annoted/batch1/病史特点/病史特点-160.txt,W,103,103,W,Ch,,
108,/Users/floyd/Desktop/Research/NER-CRF/cctner/dataset/annoted/batch1/病史特点/病史特点-160.txt,细湿性啰音,297,301,,,细湿性啰音,Ch
109,/Users/floyd/Desktop/Research/NER-CRF/cctner/dataset/annoted/batch1/病史特点/病史特点-160.txt,血常规,476,478,血,Bo,血常规,Ch
110,/Users/floyd/Desktop/Research/NER-CRF/cctner/dataset/annoted/batch1/病史特点/病史特点-161.txt,全身皮肤黏膜,145,150,皮肤黏膜,Bo,全身皮肤黏膜,Bo
111,/Users/floyd/Desktop/Research/NER-CRF/cctner/dataset/annoted/batch1/病史特点/病史特点-161.txt,周身浅表淋巴结,165,171,浅表淋巴结,Bo,周身浅表淋巴结,Bo
112,/Users/floyd/Desktop/Research/NER-CRF/cctner/dataset/annoted/batch1/病史特点/病史特点-161.txt,律齐,368,369,律齐,Sy,,
113,/Users/floyd/Desktop/Research/NER-CRF/cctner/dataset/annoted/batch1/病史特点/病史特点-17.txt,卵巢囊肿手术,38,43,卵巢囊肿手术,Tr,卵巢囊肿,Si
114,/Users/floyd/Desktop/Research/NER-CRF/cctner/dataset/annoted/batch1/病史特点/病史特点-17.txt,肢体,187,188,,,肢体,Bo
115,/Users/floyd/Desktop/Research/NER-CRF/cctner/dataset/annoted/batch1/病史特点/病史特点-17.txt,头皮,224,225,头皮,Bo,,
116,/Users/floyd/Desktop/Research/NER-CRF/cctner/dataset/annoted/batch1/病史特点/病史特点-17.txt,头皮,330,331,头皮,Bo,,
117,/Users/floyd/Desktop/Research/NER-CRF/cctner/dataset/annoted/batch1/病史特点/病史特点-17.txt,血肿区,332,334,血肿,Sy,血肿区,Sy
118,/Users/floyd/Desktop/Research/NER-CRF/cctner/dataset/annoted/batch1/病史特点/病史特点-17.txt,结膜下,351,353,结膜,Bo,结膜下,Bo
119,/Users/floyd/Desktop/Research/NER-CRF/cctner/dataset/annoted/batch1/病史特点/病史特点-17.txt,右侧肘后,396,399,右侧肘后,Bo,右侧肘,Bo
120,/Users/floyd/Desktop/Research/NER-CRF/cctner/dataset/annoted/batch1/病史特点/病史特点-17.txt,右侧枕顶部头下,435,441,右侧枕顶部,Bo,右侧枕顶部头下,Bo
121,/Users/floyd/Desktop/Research/NER-CRF/cctner/dataset/annoted/batch1/病史特点/病史特点-17.txt,胸部、腹部CT,445,451,胸部、腹部CT,Ch,胸部,Bo
122,/Users/floyd/Desktop/Research/NER-CRF/cctner/dataset/annoted/batch1/病史特点/病史特点-17.txt,胸部、腹部CT,445,451,胸部、腹部CT,Ch,腹部CT,Ch
123,/Users/floyd/Desktop/Research/NER-CRF/cctner/dataset/annoted/batch1/病史特点/病史特点-172.txt,左侧面颊部,26,30,左侧面颊部,Bo,面颊部,Bo
124,/Users/floyd/Desktop/Research/NER-CRF/cctner/dataset/annoted/batch1/病史特点/病史特点-172.txt,轻咳,34,35,,,轻咳,Sy
125,/Users/floyd/Desktop/Research/NER-CRF/cctner/dataset/annoted/batch1/病史特点/病史特点-172.txt,左侧面颊部,44,48,左侧面颊部,Bo,面颊部,Bo
126,/Users/floyd/Desktop/Research/NER-CRF/cctner/dataset/annoted/batch1/病史特点/病史特点-172.txt,双侧舌下淋巴结,168,174,双侧舌下淋巴结,Bo,淋巴结,Bo
127,/Users/floyd/Desktop/Research/NER-CRF/cctner/dataset/annoted/batch1/病史特点/病史特点-172.txt,牙龈,240,241,牙龈,Bo,,
128,/Users/floyd/Desktop/Research/NER-CRF/cctner/dataset/annoted/batch1/病史特点/病史特点-172.txt,左上乳中切牙表面,253,260,左上乳中切牙,Bo,左上乳中切牙表面,Bo
129,/Users/floyd/Desktop/Research/NER-CRF/cctner/dataset/annoted/batch1/病史特点/病史特点-172.txt,两肺纹理,503,506,两肺纹理,Bo,两肺,Bo
130,/Users/floyd/Desktop/Research/NER-CRF/cctner/dataset/annoted/batch1/病史特点/病史特点-172.txt,沿肺纹理,517,520,沿肺纹理,Bo,,
131,/Users/floyd/Desktop/Research/NER-CRF/cctner/dataset/annoted/batch1/病史特点/病史特点-173.txt,气管,271,272,,,气管,Bo
132,/Users/floyd/Desktop/Research/NER-CRF/cctner/dataset/annoted/batch1/病史特点/病史特点-173.txt,淋巴细胞数,506,510,淋巴细胞数,Ch,淋巴细胞,Ch
133,/Users/floyd/Desktop/Research/NER-CRF/cctner/dataset/annoted/batch1/病史特点/病史特点-173.txt,血小板,536,538,,,血小板,Ch
134,/Users/floyd/Desktop/Research/NER-CRF/cctner/dataset/annoted/batch1/病史特点/病史特点-175.txt,中小水泡音,288,292,,,中小水泡音,Ch
135,/Users/floyd/Desktop/Research/NER-CRF/cctner/dataset/annoted/batch1/病史特点/病史特点-175.txt,两肺纹理,455,458,两肺纹理,Bo,两肺,Bo
136,/Users/floyd/Desktop/Research/NER-CRF/cctner/dataset/annoted/batch1/病史特点/病史特点-178.txt,咽部,231,232,咽,Bo,咽部,Bo
137,/Users/floyd/Desktop/Research/NER-CRF/cctner/dataset/annoted/batch1/病史特点/病史特点-178.txt,两肺纹理,479,482,肺,Bo,两肺纹理,Bo
138,/Users/floyd/Desktop/Research/NER-CRF/cctner/dataset/annoted/batch1/病史特点/病史特点-178.txt,肺纹理间隙,492,496,肺,Bo,肺纹理间隙,Bo
139,/Users/floyd/Desktop/Research/NER-CRF/cctner/dataset/annoted/batch1/病史特点/病史特点-178.txt,肺,521,521,肺,Bo,,
140,/Users/floyd/Desktop/Research/NER-CRF/cctner/dataset/annoted/batch1/病史特点/病史特点-178.txt,支气管肺炎,536,540,气管,Bo,支气管肺炎,Si
141,/Users/floyd/Desktop/Research/NER-CRF/cctner/dataset/annoted/batch1/病史特点/病史特点-178.txt,支气管肺炎,536,540,肺,Bo,支气管肺炎,Si
142,/Users/floyd/Desktop/Research/NER-CRF/cctner/dataset/annoted/batch1/病史特点/病史特点-180.txt,双肺纹理,474,477,双肺纹理,Bo,双肺,Bo
143,/Users/floyd/Desktop/Research/NER-CRF/cctner/dataset/annoted/batch1/病史特点/病史特点-180.txt,肺,486,486,肺,Bo,,
144,/Users/floyd/Desktop/Research/NER-CRF/cctner/dataset/annoted/batch1/病史特点/病史特点-180.txt,两下肺,513,515,肺,Bo,两下肺,Bo
145,/Users/floyd/Desktop/Research/NER-CRF/cctner/dataset/annoted/batch1/病史特点/病史特点-182.txt,咽部,231,232,咽,Bo,咽部,Bo
146,/Users/floyd/Desktop/Research/NER-CRF/cctner/dataset/annoted/batch1/病史特点/病史特点-182.txt,双扁桃体,243,246,扁桃体,Bo,双扁桃体,Bo
147,/Users/floyd/Desktop/Research/NER-CRF/cctner/dataset/annoted/batch1/病史特点/病史特点-182.txt,淋巴细胞百分比,499,505,淋巴细胞百分比,Ch,淋巴细胞,Ch
148,/Users/floyd/Desktop/Research/NER-CRF/cctner/dataset/annoted/batch1/病史特点/病史特点-184.txt,咽部,233,234,咽,Bo,咽部,Bo
149,/Users/floyd/Desktop/Research/NER-CRF/cctner/dataset/annoted/batch1/病史特点/病史特点-184.txt,双扁桃体,245,248,扁桃体,Bo,双扁桃体,Bo
150,/Users/floyd/Desktop/Research/NER-CRF/cctner/dataset/annoted/batch1/病史特点/病史特点-184.txt,两肺,453,454,肺,Bo,两肺,Bo
151,/Users/floyd/Desktop/Research/NER-CRF/cctner/dataset/annoted/batch1/病史特点/病史特点-188.txt,额纹,279,280,额纹,Bo,额,Bo
152,/Users/floyd/Desktop/Research/NER-CRF/cctner/dataset/annoted/batch1/病史特点/病史特点-188.txt,"双侧肱二,三头@肌腱",337,346,"肱二,三头 肌腱",Bo,"双侧肱二,三头肌腱",Bo
153,/Users/floyd/Desktop/Research/NER-CRF/cctner/dataset/annoted/batch1/病史特点/病史特点-188.txt,跟膝腱反射,350,354,膝腱反射,Ch,跟膝腱反射,Ch
154,/Users/floyd/Desktop/Research/NER-CRF/cctner/dataset/annoted/batch1/病史特点/病史特点-193.txt,L4-S1椎体棘突两侧,244,254,L4-S1椎体棘突,Bo,L4-S1椎体棘突两侧,Bo
155,/Users/floyd/Desktop/Research/NER-CRF/cctner/dataset/annoted/batch1/病史特点/病史特点-193.txt,直腿抬高试验,265,270,,,直腿抬高试验,Ch
156,/Users/floyd/Desktop/Research/NER-CRF/cctner/dataset/annoted/batch1/病史特点/病史特点-193.txt,拾物试验,276,279,,,拾物试验,Ch
157,/Users/floyd/Desktop/Research/NER-CRF/cctner/dataset/annoted/batch1/病史特点/病史特点-197.txt,慢性胃炎,17,20,慢性胃炎,Si,慢性胃,Si
158,/Users/floyd/Desktop/Research/NER-CRF/cctner/dataset/annoted/batch1/病史特点/病史特点-197.txt,周围软组织,229,233,软组织,Bo,周围软组织,Bo
159,/Users/floyd/Desktop/Research/NER-CRF/cctner/dataset/annoted/batch1/病史特点/病史特点-197.txt,L4-S1椎体棘突两侧,337,347,L4-S1椎体棘突,Bo,L4-S1椎体棘突两侧,Bo
160,/Users/floyd/Desktop/Research/NER-CRF/cctner/dataset/annoted/batch1/病史特点/病史特点-200.txt,高血压,18,20,高血压,Si,,
161,/Users/floyd/Desktop/Research/NER-CRF/cctner/dataset/annoted/batch1/病史特点/病史特点-200.txt,L4/5椎间隙水平椎体边缘,131,143,L4/5椎间隙水平椎体边缘,Bo,L4/5椎间隙,Bo
162,/Users/floyd/Desktop/Research/NER-CRF/cctner/dataset/annoted/batch1/病史特点/病史特点-200.txt,L5/S1椎间隙水平椎体后缘,153,166,L5/S1椎间隙水平椎体后缘,Bo,L5/S1椎间隙,Bo
163,/Users/floyd/Desktop/Research/NER-CRF/cctner/dataset/annoted/batch1/病史特点/病史特点-200.txt,软组织,171,173,软组织,Bo,,
164,/Users/floyd/Desktop/Research/NER-CRF/cctner/dataset/annoted/batch1/病史特点/病史特点-200.txt,L3-5椎体骨质边缘,184,193,L3-5椎体骨质边缘,Bo,L3-5椎体,Bo
165,/Users/floyd/Desktop/Research/NER-CRF/cctner/dataset/annoted/batch1/病史特点/病史特点-209.txt,椎体边缘,179,182,,,椎体边缘,Bo
166,/Users/floyd/Desktop/Research/NER-CRF/cctner/dataset/annoted/batch1/病史特点/病史特点-209.txt,臂丛神经,333,336,,,臂丛神经,Bo
167,/Users/floyd/Desktop/Research/NER-CRF/cctner/dataset/annoted/batch1/病史特点/病史特点-21.txt,口唇、牙齿,12,16,口唇,Bo,口唇、牙齿,Bo
168,/Users/floyd/Desktop/Research/NER-CRF/cctner/dataset/annoted/batch1/病史特点/病史特点-21.txt,口唇、牙齿,12,16,牙齿,Bo,口唇、牙齿,Bo
169,/Users/floyd/Desktop/Research/NER-CRF/cctner/dataset/annoted/batch1/病史特点/病史特点-212.txt,L4/5椎间隙水平椎体边缘,124,136,L4/5椎间隙水平椎体边缘,Bo,L4/5椎间隙,Bo
170,/Users/floyd/Desktop/Research/NER-CRF/cctner/dataset/annoted/batch1/病史特点/病史特点-212.txt,L5/S1椎间隙水平椎体后缘,146,159,L5/S1椎间隙水平椎体后缘,Bo,L5/S1椎间隙,Bo
171,/Users/floyd/Desktop/Research/NER-CRF/cctner/dataset/annoted/batch1/病史特点/病史特点-212.txt,L3-5椎体骨质边缘,177,186,L3-5椎体骨质边缘,Bo,L3-5椎体,Bo
172,/Users/floyd/Desktop/Research/NER-CRF/cctner/dataset/annoted/batch1/病史特点/病史特点-213.txt,类风湿性关节炎,23,29,类风湿性关节炎,Si,风湿性关节炎,Si
173,/Users/floyd/Desktop/Research/NER-CRF/cctner/dataset/annoted/batch1/病史特点/病史特点-213.txt,颈肩部,106,108,颈,Bo,颈肩部,Bo
174,/Users/floyd/Desktop/Research/NER-CRF/cctner/dataset/annoted/batch1/病史特点/病史特点-213.txt,颈肩部,106,108,肩部,Bo,颈肩部,Bo
175,/Users/floyd/Desktop/Research/NER-CRF/cctner/dataset/annoted/batch1/病史特点/病史特点-213.txt,颈复康,138,140,颈复康,Tr,,
176,/Users/floyd/Desktop/Research/NER-CRF/cctner/dataset/annoted/batch1/病史特点/病史特点-213.txt,C4/5、C5/6右侧及C3/4、C4/5、C5/6、C6/7左侧椎间孔,239,274,C4/5、C5/6右侧,Bo,C4/5、C5/6右侧及C3/4、C4/5、C5/6、C6/7左侧椎间孔,Bo
177,/Users/floyd/Desktop/Research/NER-CRF/cctner/dataset/annoted/batch1/病史特点/病史特点-213.txt,C4/5、C5/6右侧及C3/4、C4/5、C5/6、C6/7左侧椎间孔,239,274,C3/4、C4/5、C5/6、C6/7左侧椎间孔,Bo,C4/5、C5/6右侧及C3/4、C4/5、C5/6、C6/7左侧椎间孔,Bo
178,/Users/floyd/Desktop/Research/NER-CRF/cctner/dataset/annoted/batch1/病史特点/病史特点-213.txt,C6/7椎间隙水平椎体前缘,278,290,C6/7椎间隙水平椎体前缘,Bo,C6/7椎间隙,Bo
179,/Users/floyd/Desktop/Research/NER-CRF/cctner/dataset/annoted/batch1/病史特点/病史特点-214.txt,硬膜囊前缘,182,186,硬膜囊前缘,Bo,硬膜囊,Bo
180,/Users/floyd/Desktop/Research/NER-CRF/cctner/dataset/annoted/batch1/病史特点/病史特点-214.txt,部分椎小关节突,215,221,部分椎小关节突,Bo,部分椎小关节,Bo
181,/Users/floyd/Desktop/Research/NER-CRF/cctner/dataset/annoted/batch1/病史特点/病史特点-214.txt,部分椎小关节间隙,225,232,部分椎小关节间隙,Bo,椎小关节间隙,Bo
182,/Users/floyd/Desktop/Research/NER-CRF/cctner/dataset/annoted/batch1/病史特点/病史特点-216.txt,椎间隙,237,239,椎间隙,Bo,,
183,/Users/floyd/Desktop/Research/NER-CRF/cctner/dataset/annoted/batch1/病史特点/病史特点-216.txt,椎体边缘,262,265,椎体边缘,Bo,,
184,/Users/floyd/Desktop/Research/NER-CRF/cctner/dataset/annoted/batch1/病史特点/病史特点-216.txt,椎体边缘,288,291,椎体边缘,Bo,,
185,/Users/floyd/Desktop/Research/NER-CRF/cctner/dataset/annoted/batch1/病史特点/病史特点-223.txt,L4-S1椎体棘突两侧,373,383,L4-S1椎体棘突,Bo,L4-S1椎体棘突两侧,Bo
186,/Users/floyd/Desktop/Research/NER-CRF/cctner/dataset/annoted/batch1/病史特点/病史特点-229.txt,颈椎侧、双斜位片,274,281,,,颈椎侧、双斜位片,Ch
187,/Users/floyd/Desktop/Research/NER-CRF/cctner/dataset/annoted/batch1/病史特点/病史特点-229.txt,余椎体及各附件,316,322,余椎体,Bo,余椎体及各附件,Bo
188,/Users/floyd/Desktop/Research/NER-CRF/cctner/dataset/annoted/batch1/病史特点/病史特点-231.txt,右下肢,238,240,,,右下肢,Bo
189,/Users/floyd/Desktop/Research/NER-CRF/cctner/dataset/annoted/batch1/病史特点/病史特点-231.txt,椎体边缘,314,317,,,椎体边缘,Bo
190,/Users/floyd/Desktop/Research/NER-CRF/cctner/dataset/annoted/batch1/病史特点/病史特点-231.txt,硬膜囊,348,350,,,硬膜囊,Bo
191,/Users/floyd/Desktop/Research/NER-CRF/cctner/dataset/annoted/batch1/病史特点/病史特点-240.txt,消化性溃疡,31,35,消化性溃疡,Si,溃疡,Sy
192,/Users/floyd/Desktop/Research/NER-CRF/cctner/dataset/annoted/batch1/病史特点/病史特点-240.txt,青光眼,37,39,青光眼,Si,青光眼,Tr
193,/Users/floyd/Desktop/Research/NER-CRF/cctner/dataset/annoted/batch1/病史特点/病史特点-240.txt,腰3/4、腰4/5、腰5/骶1椎间盘,167,184,腰3/4、腰4/5、腰5/骶1椎间盘,Bo,腰,Bo
194,/Users/floyd/Desktop/Research/NER-CRF/cctner/dataset/annoted/batch1/病史特点/病史特点-240.txt,腰3/4、腰4/5、腰5/骶1椎间盘,167,184,腰3/4、腰4/5、腰5/骶1椎间盘,Bo,腰4/5、腰5/骶1椎间盘,Bo
195,/Users/floyd/Desktop/Research/NER-CRF/cctner/dataset/annoted/batch1/病史特点/病史特点-240.txt,L4-S1椎体棘突两侧,308,318,L4-S1椎体棘突,Bo,L4-S1椎体棘突两侧,Bo
196,/Users/floyd/Desktop/Research/NER-CRF/cctner/dataset/annoted/batch1/病史特点/病史特点-256.txt,血压值,71,73,血压值,Ch,,
197,/Users/floyd/Desktop/Research/NER-CRF/cctner/dataset/annoted/batch1/病史特点/病史特点-256.txt,头孢,154,155,头孢,Tr,头孢,Sy
198,/Users/floyd/Desktop/Research/NER-CRF/cctner/dataset/annoted/batch1/病史特点/病史特点-256.txt,支气管炎,300,303,支气管,Bo,支气管炎,Si
199,/Users/floyd/Desktop/Research/NER-CRF/cctner/dataset/annoted/batch1/病史特点/病史特点-256.txt,止咳、化痰、平喘药,309,317,止咳、化痰、平喘药,Tr,止咳,Tr
200,/Users/floyd/Desktop/Research/NER-CRF/cctner/dataset/annoted/batch1/病史特点/病史特点-256.txt,止咳、化痰、平喘药,309,317,止咳、化痰、平喘药,Tr,化痰,Tr
201,/Users/floyd/Desktop/Research/NER-CRF/cctner/dataset/annoted/batch1/病史特点/病史特点-256.txt,止咳、化痰、平喘药,309,317,止咳、化痰、平喘药,Tr,平喘,Tr
202,/Users/floyd/Desktop/Research/NER-CRF/cctner/dataset/annoted/batch1/病史特点/病史特点-256.txt,痰,352,352,痰,Bo,,
203,/Users/floyd/Desktop/Research/NER-CRF/cctner/dataset/annoted/batch1/病史特点/病史特点-256.txt,关节,367,368,关节,Bo,,
204,/Users/floyd/Desktop/Research/NER-CRF/cctner/dataset/annoted/batch1/病史特点/病史特点-256.txt,偶晕,372,373,,,偶晕,Sy
205,/Users/floyd/Desktop/Research/NER-CRF/cctner/dataset/annoted/batch1/病史特点/病史特点-256.txt,克氏症,601,603,克氏症,Ch,,
206,/Users/floyd/Desktop/Research/NER-CRF/cctner/dataset/annoted/batch1/病史特点/病史特点-256.txt,双侧巴氏症,605,609,,,双侧巴氏症,Ch
207,/Users/floyd/Desktop/Research/NER-CRF/cctner/dataset/annoted/batch1/病史特点/病史特点-263.txt,右侧踝部,186,189,踝部,Bo,右侧踝部,Bo
208,/Users/floyd/Desktop/Research/NER-CRF/cctner/dataset/annoted/batch1/病史特点/病史特点-263.txt,右踝关节DR片,237,243,右踝关节DR,Ch,右踝关节DR片,Ch
209,/Users/floyd/Desktop/Research/NER-CRF/cctner/dataset/annoted/batch1/病史特点/病史特点-263.txt,腰部,408,409,腰,Bo,腰部,Bo
210,/Users/floyd/Desktop/Research/NER-CRF/cctner/dataset/annoted/batch1/病史特点/病史特点-263.txt,右侧腰3-4椎旁,424,431,右侧腰3-4椎,Bo,右侧腰3-4椎旁,Bo
211,/Users/floyd/Desktop/Research/NER-CRF/cctner/dataset/annoted/batch1/病史特点/病史特点-264.txt,支气管炎,152,155,支气管,Bo,支气管炎,Si
212,/Users/floyd/Desktop/Research/NER-CRF/cctner/dataset/annoted/batch1/病史特点/病史特点-264.txt,湿性啰音,366,369,,,湿性啰音,Ch
213,/Users/floyd/Desktop/Research/NER-CRF/cctner/dataset/annoted/batch1/病史特点/病史特点-264.txt,全腹,408,409,腹,Bo,全腹,Bo
214,/Users/floyd/Desktop/Research/NER-CRF/cctner/dataset/annoted/batch1/病史特点/病史特点-264.txt,冠状动脉走行区,544,550,冠状动脉走行区,Bo,冠状动脉,Bo
215,/Users/floyd/Desktop/Research/NER-CRF/cctner/dataset/annoted/batch1/病史特点/病史特点-268.txt,流感,76,77,流感,Si,,
216,/Users/floyd/Desktop/Research/NER-CRF/cctner/dataset/annoted/batch1/病史特点/病史特点-268.txt,发热风疹,78,81,发热,Sy,发热风疹,Sy
217,/Users/floyd/Desktop/Research/NER-CRF/cctner/dataset/annoted/batch1/病史特点/病史特点-268.txt,发热风疹,78,81,风疹,Si,发热风疹,Sy
218,/Users/floyd/Desktop/Research/NER-CRF/cctner/dataset/annoted/batch1/病史特点/病史特点-268.txt,头晕眼花胸闷,101,106,头晕,Sy,头晕眼花胸闷,Tr
219,/Users/floyd/Desktop/Research/NER-CRF/cctner/dataset/annoted/batch1/病史特点/病史特点-268.txt,头晕眼花胸闷,101,106,胸闷,Sy,头晕眼花胸闷,Tr
220,/Users/floyd/Desktop/Research/NER-CRF/cctner/dataset/annoted/batch1/病史特点/病史特点-268.txt,结核病,126,128,结核,Si,结核病,Si
221,/Users/floyd/Desktop/Research/NER-CRF/cctner/dataset/annoted/batch1/病史特点/病史特点-268.txt,人工流产,148,151,人工流产,Tr,,
222,/Users/floyd/Desktop/Research/NER-CRF/cctner/dataset/annoted/batch1/病史特点/病史特点-268.txt,腹型,244,245,,,腹型,Sy
223,/Users/floyd/Desktop/Research/NER-CRF/cctner/dataset/annoted/batch1/病史特点/病史特点-268.txt,头,284,284,头,Bo,,
224,/Users/floyd/Desktop/Research/NER-CRF/cctner/dataset/annoted/batch1/病史特点/病史特点-268.txt,头,317,317,头,Bo,,
225,/Users/floyd/Desktop/Research/NER-CRF/cctner/dataset/annoted/batch1/病史特点/病史特点-268.txt,骨盆外测量,329,333,骨盆外测量,Ch,骨盆外,Bo
226,/Users/floyd/Desktop/Research/NER-CRF/cctner/dataset/annoted/batch1/病史特点/病史特点-268.txt,胎儿双顶径,383,387,胎儿双顶径,Ch,,
227,/Users/floyd/Desktop/Research/NER-CRF/cctner/dataset/annoted/batch1/病史特点/病史特点-268.txt,股骨长,394,396,股骨长,Ch,,
228,/Users/floyd/Desktop/Research/NER-CRF/cctner/dataset/annoted/batch1/病史特点/病史特点-268.txt,宫体后壁胎盘,404,409,宫体后壁胎盘,Bo,,
229,/Users/floyd/Desktop/Research/NER-CRF/cctner/dataset/annoted/batch1/病史特点/病史特点-268.txt,羊水AFI,418,422,羊水AFI,Ch,,
230,/Users/floyd/Desktop/Research/NER-CRF/cctner/dataset/annoted/batch1/病史特点/病史特点-268.txt,宫内,439,440,,,宫内,Bo
231,/Users/floyd/Desktop/Research/NER-CRF/cctner/dataset/annoted/batch1/病史特点/病史特点-268.txt,脐带,452,453,脐带,Bo,,
232,/Users/floyd/Desktop/Research/NER-CRF/cctner/dataset/annoted/batch1/病史特点/病史特点-272.txt,口服药物,36,39,口服药物,Tr,,
233,/Users/floyd/Desktop/Research/NER-CRF/cctner/dataset/annoted/batch1/病史特点/病史特点-272.txt,血压,53,54,血压,Ch,,
234,/Users/floyd/Desktop/Research/NER-CRF/cctner/dataset/annoted/batch1/病史特点/病史特点-272.txt,尿常规检查,159,163,尿常规检查,Ch,尿常规,Ch
235,/Users/floyd/Desktop/Research/NER-CRF/cctner/dataset/annoted/batch1/病史特点/病史特点-272.txt,彩超检查,519,522,彩超检查,Ch,彩超,Ch
236,/Users/floyd/Desktop/Research/NER-CRF/cctner/dataset/annoted/batch1/病史特点/病史特点-272.txt,左输尿管结石,526,531,左输尿管,Bo,左输尿管结石,Si
237,/Users/floyd/Desktop/Research/NER-CRF/cctner/dataset/annoted/batch1/病史特点/病史特点-274.txt,盗汗,136,137,盗汗,Bo,,
238,/Users/floyd/Desktop/Research/NER-CRF/cctner/dataset/annoted/batch1/病史特点/病史特点-274.txt,头颅,158,159,,,头颅,Bo
239,/Users/floyd/Desktop/Research/NER-CRF/cctner/dataset/annoted/batch1/病史特点/病史特点-277.txt,胃,48,48,胃,Bo,,
240,/Users/floyd/Desktop/Research/NER-CRF/cctner/dataset/annoted/batch1/病史特点/病史特点-278.txt,裂开,77,78,裂开,Sy,,
241,/Users/floyd/Desktop/Research/NER-CRF/cctner/dataset/annoted/batch1/病史特点/病史特点-278.txt,阑尾切除术,115,119,,,阑尾切除术,Tr
242,/Users/floyd/Desktop/Research/NER-CRF/cctner/dataset/annoted/batch1/病史特点/病史特点-278.txt,五官,214,215,五官,Bo,,
243,/Users/floyd/Desktop/Research/NER-CRF/cctner/dataset/annoted/batch1/病史特点/病史特点-278.txt,颈动脉,237,239,颈,Bo,颈动脉,Bo
244,/Users/floyd/Desktop/Research/NER-CRF/cctner/dataset/annoted/batch1/病史特点/病史特点-278.txt,肛门、外生殖器,404,410,肛门、外生殖器,Bo,肛门,Bo
245,/Users/floyd/Desktop/Research/NER-CRF/cctner/dataset/annoted/batch1/病史特点/病史特点-278.txt,肛门、外生殖器,404,410,肛门、外生殖器,Bo,外生殖器,Bo
246,/Users/floyd/Desktop/Research/NER-CRF/cctner/dataset/annoted/batch1/病史特点/病史特点-278.txt,裂开,514,515,裂开,Sy,,
247,/Users/floyd/Desktop/Research/NER-CRF/cctner/dataset/annoted/batch1/病史特点/病史特点-280.txt,左侧头顶部,54,58,左侧头顶部,Bo,头顶部,Bo
248,/Users/floyd/Desktop/Research/NER-CRF/cctner/dataset/annoted/batch1/病史特点/病史特点-280.txt,伤口边缘,75,78,伤口边缘,Bo,,
249,/Users/floyd/Desktop/Research/NER-CRF/cctner/dataset/annoted/batch1/病史特点/病史特点-281.txt,遗传病,42,44,,,遗传病,Si
250,/Users/floyd/Desktop/Research/NER-CRF/cctner/dataset/annoted/batch1/病史特点/病史特点-281.txt,磺胺类药物,50,54,磺胺类药物,Tr,,
251,/Users/floyd/Desktop/Research/NER-CRF/cctner/dataset/annoted/batch1/病史特点/病史特点-282.txt,直肠癌,9,11,直肠癌,Si,直肠,Bo
252,/Users/floyd/Desktop/Research/NER-CRF/cctner/dataset/annoted/batch1/病史特点/病史特点-282.txt,肠道腹部,30,33,肠道,Bo,肠道腹部,Bo
253,/Users/floyd/Desktop/Research/NER-CRF/cctner/dataset/annoted/batch1/病史特点/病史特点-282.txt,肠道腹部,30,33,腹部,Bo,肠道腹部,Bo
254,/Users/floyd/Desktop/Research/NER-CRF/cctner/dataset/annoted/batch1/病史特点/病史特点-282.txt,神经系统查体,310,315,神经系统查体,Ch,查体,Ch
255,/Users/floyd/Desktop/Research/NER-CRF/cctner/dataset/annoted/batch1/病史特点/病史特点-285.txt,干湿啰音,199,202,湿啰音,Ch,干湿啰音,Ch
256,/Users/floyd/Desktop/Research/NER-CRF/cctner/dataset/annoted/batch1/病史特点/病史特点-285.txt,肛诊,274,275,肛诊,Ch,,
257,/Users/floyd/Desktop/Research/NER-CRF/cctner/dataset/annoted/batch1/病史特点/病史特点-29.txt,体健,14,15,体健,Bo,,
258,/Users/floyd/Desktop/Research/NER-CRF/cctner/dataset/annoted/batch1/病史特点/病史特点-29.txt,R,164,164,R,Ch,,
259,/Users/floyd/Desktop/Research/NER-CRF/cctner/dataset/annoted/batch1/病史特点/病史特点-29.txt,右锁骨中线第Ⅴ肋间,258,266,右锁骨中线第Ⅴ肋,Bo,右锁骨中线第Ⅴ肋间,Bo
260,/Users/floyd/Desktop/Research/NER-CRF/cctner/dataset/annoted/batch1/病史特点/病史特点-29.txt,右侧输尿管,379,383,,,右侧输尿管,Bo
261,/Users/floyd/Desktop/Research/NER-CRF/cctner/dataset/annoted/batch1/病史特点/病史特点-29.txt,左侧,392,393,左侧,Bo,,
262,/Users/floyd/Desktop/Research/NER-CRF/cctner/dataset/annoted/batch1/病史特点/病史特点-29.txt,对称,444,445,,,对称,Sy
263,/Users/floyd/Desktop/Research/NER-CRF/cctner/dataset/annoted/batch1/病史特点/病史特点-290.txt,腹泻,119,120,腹泻,Sy,腹,Bo
264,/Users/floyd/Desktop/Research/NER-CRF/cctner/dataset/annoted/batch1/病史特点/病史特点-290.txt,腰3-5椎棘突间隙,259,267,腰3-5椎,Bo,腰3-5椎棘突间隙,Bo
265,/Users/floyd/Desktop/Research/NER-CRF/cctner/dataset/annoted/batch1/病史特点/病史特点-290.txt,腰方肌,290,292,腰,Bo,腰方肌,Bo
266,/Users/floyd/Desktop/Research/NER-CRF/cctner/dataset/annoted/batch1/病史特点/病史特点-290.txt,结节和条索,356,360,结节,Sy,结节和条索,Sy
267,/Users/floyd/Desktop/Research/NER-CRF/cctner/dataset/annoted/batch1/病史特点/病史特点-290.txt,麻木无力,395,398,麻木无力,Sy,麻木,Sy
268,/Users/floyd/Desktop/Research/NER-CRF/cctner/dataset/annoted/batch1/病史特点/病史特点-290.txt,麻木无力,395,398,麻木无力,Sy,无力,Sy
269,/Users/floyd/Desktop/Research/NER-CRF/cctner/dataset/annoted/batch1/病史特点/病史特点-290.txt,L3/4、L4/5椎间盘,433,444,L3/4、L4/5椎间盘,Bo,L4/5椎间盘,Bo
270,/Users/floyd/Desktop/Research/NER-CRF/cctner/dataset/annoted/batch1/病史特点/病史特点-290.txt,椎管,459,460,椎管,Bo,,
271,/Users/floyd/Desktop/Research/NER-CRF/cctner/dataset/annoted/batch1/病史特点/病史特点-290.txt,脾、胰,506,508,脾、胰,Bo,脾,Bo
272,/Users/floyd/Desktop/Research/NER-CRF/cctner/dataset/annoted/batch1/病史特点/病史特点-290.txt,脾、胰,506,508,脾、胰,Bo,胰,Bo
273,/Users/floyd/Desktop/Research/NER-CRF/cctner/dataset/annoted/batch1/病史特点/病史特点-292.txt,头晕,74,75,,,头晕,Sy
274,/Users/floyd/Desktop/Research/NER-CRF/cctner/dataset/annoted/batch1/病史特点/病史特点-292.txt,恶心,86,87,,,恶心,Sy
275,/Users/floyd/Desktop/Research/NER-CRF/cctner/dataset/annoted/batch1/病史特点/病史特点-292.txt,呕吐,89,90,,,呕吐,Sy
276,/Users/floyd/Desktop/Research/NER-CRF/cctner/dataset/annoted/batch1/病史特点/病史特点-292.txt,呕吐,92,93,,,呕吐,Sy
277,/Users/floyd/Desktop/Research/NER-CRF/cctner/dataset/annoted/batch1/病史特点/病史特点-292.txt,胃,104,104,胃,Bo,,
278,/Users/floyd/Desktop/Research/NER-CRF/cctner/dataset/annoted/batch1/病史特点/病史特点-292.txt,无力,122,123,,,无力,Sy
279,/Users/floyd/Desktop/Research/NER-CRF/cctner/dataset/annoted/batch1/病史特点/病史特点-292.txt,心悸,160,161,,,心悸,Sy
280,/Users/floyd/Desktop/Research/NER-CRF/cctner/dataset/annoted/batch1/病史特点/病史特点-292.txt,胸闷,164,165,,,胸闷,Sy
281,/Users/floyd/Desktop/Research/NER-CRF/cctner/dataset/annoted/batch1/病史特点/病史特点-292.txt,胸痛,167,168,,,胸痛,Sy
282,/Users/floyd/Desktop/Research/NER-CRF/cctner/dataset/annoted/batch1/病史特点/病史特点-292.txt,放射痛,171,173,,,放射痛,Ch
283,/Users/floyd/Desktop/Research/NER-CRF/cctner/dataset/annoted/batch1/病史特点/病史特点-292.txt,发绀,254,255,,,发绀,Sy
284,/Users/floyd/Desktop/Research/NER-CRF/cctner/dataset/annoted/batch1/病史特点/病史特点-292.txt,病理性杂音,296,300,,,病理性杂音,Ch
285,/Users/floyd/Desktop/Research/NER-CRF/cctner/dataset/annoted/batch1/病史特点/病史特点-292.txt,水肿,339,340,,,水肿,Sy
286,/Users/floyd/Desktop/Research/NER-CRF/cctner/dataset/annoted/batch1/病史特点/病史特点-292.txt,AVF、qR,401,406,,,AVF、qR,Ch
287,/Users/floyd/Desktop/Research/NER-CRF/cctner/dataset/annoted/batch1/病史特点/病史特点-39.txt,双膝部右手右肘,51,57,双膝部,Bo,双膝部右手右肘,Bo
288,/Users/floyd/Desktop/Research/NER-CRF/cctner/dataset/annoted/batch1/病史特点/病史特点-39.txt,双膝部右手右肘,51,57,右手右肘,Bo,双膝部右手右肘,Bo
289,/Users/floyd/Desktop/Research/NER-CRF/cctner/dataset/annoted/batch1/病史特点/病史特点-39.txt,头枕部,94,96,头枕部,Bo,头枕,Bo
290,/Users/floyd/Desktop/Research/NER-CRF/cctner/dataset/annoted/batch1/病史特点/病史特点-39.txt,软组织,108,110,,,软组织,Bo
291,/Users/floyd/Desktop/Research/NER-CRF/cctner/dataset/annoted/batch1/病史特点/病史特点-39.txt,双膝、右手背,162,167,双膝、右手背,Bo,右手,Bo
292,/Users/floyd/Desktop/Research/NER-CRF/cctner/dataset/annoted/batch1/病史特点/病史特点-39.txt,双膝、右手背,162,167,双膝、右手背,Bo,双膝,Bo
293,/Users/floyd/Desktop/Research/NER-CRF/cctner/dataset/annoted/batch1/病史特点/病史特点-39.txt,神经系统查体,185,190,神经系统查体,Ch,查体,Ch
294,/Users/floyd/Desktop/Research/NER-CRF/cctner/dataset/annoted/batch1/病史特点/病史特点-39.txt,头颅、鼻骨、全腹部CT,201,211,头颅、鼻骨、全腹部CT,Ch,头颅、鼻骨,Ch
295,/Users/floyd/Desktop/Research/NER-CRF/cctner/dataset/annoted/batch1/病史特点/病史特点-39.txt,头颅、鼻骨、全腹部CT,201,211,头颅、鼻骨、全腹部CT,Ch,全腹部CT,Ch
296,/Users/floyd/Desktop/Research/NER-CRF/cctner/dataset/annoted/batch1/病史特点/病史特点-39.txt,右肘、双膝正侧位X光,251,260,右肘、双膝正侧位X光,Ch,右肘,Bo
297,/Users/floyd/Desktop/Research/NER-CRF/cctner/dataset/annoted/batch1/病史特点/病史特点-39.txt,右肘、双膝正侧位X光,251,260,右肘、双膝正侧位X光,Ch,双膝正侧位X光,Ch
298,/Users/floyd/Desktop/Research/NER-CRF/cctner/dataset/annoted/batch1/病史特点/病史特点-39.txt,头面部鼻背部,283,288,头面部,Bo,头面部鼻背部,Bo
299,/Users/floyd/Desktop/Research/NER-CRF/cctner/dataset/annoted/batch1/病史特点/病史特点-39.txt,头面部鼻背部,283,288,鼻背部,Bo,头面部鼻背部,Bo
300,/Users/floyd/Desktop/Research/NER-CRF/cctner/dataset/annoted/batch1/病史特点/病史特点-39.txt,头枕部,334,336,头枕部,Bo,头枕,Bo
301,/Users/floyd/Desktop/Research/NER-CRF/cctner/dataset/annoted/batch1/病史特点/病史特点-39.txt,右手背,405,407,右手背,Bo,右手,Bo
302,/Users/floyd/Desktop/Research/NER-CRF/cctner/dataset/annoted/batch1/病史特点/病史特点-39.txt,神经系统查体,425,430,神经系统查体,Ch,查体,Ch
303,/Users/floyd/Desktop/Research/NER-CRF/cctner/dataset/annoted/batch1/病史特点/病史特点-39.txt,头颅、鼻骨、全腹部CT,441,451,头颅、鼻骨、全腹部CT,Ch,头颅、鼻骨,Ch
304,/Users/floyd/Desktop/Research/NER-CRF/cctner/dataset/annoted/batch1/病史特点/病史特点-39.txt,头颅、鼻骨、全腹部CT,441,451,头颅、鼻骨、全腹部CT,Ch,全腹部CT,Ch
305,/Users/floyd/Desktop/Research/NER-CRF/cctner/dataset/annoted/batch1/病史特点/病史特点-39.txt,右肘、双膝正侧位X光,491,500,右肘、双膝正侧位X光,Ch,双膝正侧位X光,Ch
306,/Users/floyd/Desktop/Research/NER-CRF/cctner/dataset/annoted/batch1/病史特点/病史特点-39.txt,右肘、双膝正侧位X光,491,500,右肘、双膝正侧位X光,Ch,右肘,Bo
307,/Users/floyd/Desktop/Research/NER-CRF/cctner/dataset/annoted/batch1/病史特点/病史特点-44.txt,左输尿管结石,504,509,左输尿管,Bo,左输尿管结石,Si
308,/Users/floyd/Desktop/Research/NER-CRF/cctner/dataset/annoted/batch1/病史特点/病史特点-50.txt,膀胱炎,176,178,膀胱炎,Si,膀胱炎,Bo
309,/Users/floyd/Desktop/Research/NER-CRF/cctner/dataset/annoted/batch1/病史特点/病史特点-50.txt,胃肠,408,409,胃肠,Bo,,
310,/Users/floyd/Desktop/Research/NER-CRF/cctner/dataset/annoted/batch1/病史特点/病史特点-50.txt,胃肠,438,439,胃肠,Bo,,
311,/Users/floyd/Desktop/Research/NER-CRF/cctner/dataset/annoted/batch1/病史特点/病史特点-54.txt,行尿常规检验,79,84,行尿常规检验,Ch,尿常规,Ch
312,/Users/floyd/Desktop/Research/NER-CRF/cctner/dataset/annoted/batch1/病史特点/病史特点-54.txt,右股骨颈骨折,173,178,右股骨颈,Bo,右股骨颈骨折,Si
313,/Users/floyd/Desktop/Research/NER-CRF/cctner/dataset/annoted/batch1/病史特点/病史特点-54.txt,右股骨颈骨折,173,178,骨折,Sy,右股骨颈骨折,Si
314,/Users/floyd/Desktop/Research/NER-CRF/cctner/dataset/annoted/batch1/病史特点/病史特点-54.txt,右髋关节置换术,186,192,右髋关节置换术,Tr,右髋关节,Bo
315,/Users/floyd/Desktop/Research/NER-CRF/cctner/dataset/annoted/batch1/病史特点/病史特点-54.txt,右肾囊肿,307,310,右肾,Bo,右肾囊肿,Si
316,/Users/floyd/Desktop/Research/NER-CRF/cctner/dataset/annoted/batch1/病史特点/病史特点-54.txt,右侧输尿管,314,318,,,右侧输尿管,Bo
317,/Users/floyd/Desktop/Research/NER-CRF/cctner/dataset/annoted/batch1/病史特点/病史特点-58.txt,肾镜碎石取石术,30,36,碎石取石术,Tr,肾镜碎石取石术,Tr
318,/Users/floyd/Desktop/Research/NER-CRF/cctner/dataset/annoted/batch1/病史特点/病史特点-58.txt,肾镜碎石取石术,65,71,碎石取石术,Tr,肾镜碎石取石术,Tr
319,/Users/floyd/Desktop/Research/NER-CRF/cctner/dataset/annoted/batch1/病史特点/病史特点-58.txt,会阴部,113,115,阴部,Bo,会阴部,Bo
320,/Users/floyd/Desktop/Research/NER-CRF/cctner/dataset/annoted/batch1/病史特点/病史特点-58.txt,双肾盂,214,216,双肾,Bo,双肾盂,Bo
321,/Users/floyd/Desktop/Research/NER-CRF/cctner/dataset/annoted/batch1/病史特点/病史特点-58.txt,双肾结石合并肾积水,243,251,双肾结石合并肾积水,Si,双肾结石,Si
322,/Users/floyd/Desktop/Research/NER-CRF/cctner/dataset/annoted/batch1/病史特点/病史特点-58.txt,双肾结石合并肾积水,243,251,双肾结石合并肾积水,Si,肾积水,Si
323,/Users/floyd/Desktop/Research/NER-CRF/cctner/dataset/annoted/batch1/病史特点/病史特点-58.txt,P,269,269,P,Ch,,
324,/Users/floyd/Desktop/Research/NER-CRF/cctner/dataset/annoted/batch1/病史特点/病史特点-58.txt,胸廓两侧,306,309,胸廓,Bo,胸廓两侧,Bo
325,/Users/floyd/Desktop/Research/NER-CRF/cctner/dataset/annoted/batch1/病史特点/病史特点-58.txt,胸膜,342,343,胸膜,Bo,,
326,/Users/floyd/Desktop/Research/NER-CRF/cctner/dataset/annoted/batch1/病史特点/病史特点-58.txt,右肾,557,558,,,右肾,Bo
327,/Users/floyd/Desktop/Research/NER-CRF/cctner/dataset/annoted/batch1/病史特点/病史特点-58.txt,双肾盂,584,586,双肾,Bo,双肾盂,Bo
328,/Users/floyd/Desktop/Research/NER-CRF/cctner/dataset/annoted/batch1/病史特点/病史特点-6.txt,自腹壁造瘘口,82,87,自腹壁造瘘口,Bo,腹壁造瘘口,Bo
329,/Users/floyd/Desktop/Research/NER-CRF/cctner/dataset/annoted/batch1/病史特点/病史特点-6.txt,查腹平片,106,109,腹平片,Ch,查腹平片,Ch
330,/Users/floyd/Desktop/Research/NER-CRF/cctner/dataset/annoted/batch1/病史特点/病史特点-6.txt,肠梗阻,112,114,,,肠梗阻,Si
331,/Users/floyd/Desktop/Research/NER-CRF/cctner/dataset/annoted/batch1/病史特点/病史特点-6.txt,神经系统查体,430,435,神经系统查体,Ch,查体,Ch
332,/Users/floyd/Desktop/Research/NER-CRF/cctner/dataset/annoted/batch1/病史特点/病史特点-60.txt,拳,41,41,拳,Bo,,
333,/Users/floyd/Desktop/Research/NER-CRF/cctner/dataset/annoted/batch1/病史特点/病史特点-60.txt,啰音,358,359,,,啰音,Ch
334,/Users/floyd/Desktop/Research/NER-CRF/cctner/dataset/annoted/batch1/病史特点/病史特点-60.txt,右上腹部,370,373,右上腹部,Bo,上腹部,Bo
335,/Users/floyd/Desktop/Research/NER-CRF/cctner/dataset/annoted/batch1/病史特点/病史特点-60.txt,青紫,411,412,,,青紫,Sy
336,/Users/floyd/Desktop/Research/NER-CRF/cctner/dataset/annoted/batch1/病史特点/病史特点-74.txt,龟头,29,30,龟头,Bo,,
337,/Users/floyd/Desktop/Research/NER-CRF/cctner/dataset/annoted/batch1/病史特点/病史特点-74.txt,包皮,49,50,包皮,Bo,,
338,/Users/floyd/Desktop/Research/NER-CRF/cctner/dataset/annoted/batch1/病史特点/病史特点-74.txt,包皮过长,111,114,包皮过长,Si,,
339,/Users/floyd/Desktop/Research/NER-CRF/cctner/dataset/annoted/batch1/病史特点/病史特点-74.txt,胸廓两侧,170,173,胸廓,Bo,胸廓两侧,Bo
340,/Users/floyd/Desktop/Research/NER-CRF/cctner/dataset/annoted/batch1/病史特点/病史特点-74.txt,双肺,212,213,,,双肺,Bo
341,/Users/floyd/Desktop/Research/NER-CRF/cctner/dataset/annoted/batch1/病史特点/病史特点-74.txt,包皮,341,342,包皮,Bo,,
342,/Users/floyd/Desktop/Research/NER-CRF/cctner/dataset/annoted/batch1/病史特点/病史特点-74.txt,包皮,349,350,包皮,Bo,,
343,/Users/floyd/Desktop/Research/NER-CRF/cctner/dataset/annoted/batch1/病史特点/病史特点-74.txt,双侧睾丸、附睾,398,404,双侧睾丸、附睾,Bo,双侧睾丸,Bo
344,/Users/floyd/Desktop/Research/NER-CRF/cctner/dataset/annoted/batch1/病史特点/病史特点-74.txt,双侧睾丸、附睾,398,404,双侧睾丸、附睾,Bo,附睾,Bo
345,/Users/floyd/Desktop/Research/NER-CRF/cctner/dataset/annoted/batch1/病史特点/病史特点-75.txt,头胸腹CT左肩,55,61,头胸腹CT,Ch,头胸腹CT左肩,Ch
346,/Users/floyd/Desktop/Research/NER-CRF/cctner/dataset/annoted/batch1/病史特点/病史特点-75.txt,"头胸腹CT左肩,左肱骨,左肘,左尺桡骨X线片",55,76,"左肩,左肱骨,左肘,左尺桡骨X线片",Ch,头胸腹CT左肩,Ch
347,/Users/floyd/Desktop/Research/NER-CRF/cctner/dataset/annoted/batch1/病史特点/病史特点-75.txt,"左肩,左肱骨,左肘,左尺桡骨X线片",60,76,"左肩,左肱骨,左肘,左尺桡骨X线片",Ch,左肱骨,Bo
348,/Users/floyd/Desktop/Research/NER-CRF/cctner/dataset/annoted/batch1/病史特点/病史特点-75.txt,"左肩,左肱骨,左肘,左尺桡骨X线片",60,76,"左肩,左肱骨,左肘,左尺桡骨X线片",Ch,左肘,Bo
349,/Users/floyd/Desktop/Research/NER-CRF/cctner/dataset/annoted/batch1/病史特点/病史特点-75.txt,"左肩,左肱骨,左肘,左尺桡骨X线片",60,76,"左肩,左肱骨,左肘,左尺桡骨X线片",Ch,左尺桡骨X线片,Ch
350,/Users/floyd/Desktop/Research/NER-CRF/cctner/dataset/annoted/batch1/病史特点/病史特点-75.txt,二便,112,113,,,二便,Bo
351,/Users/floyd/Desktop/Research/NER-CRF/cctner/dataset/annoted/batch1/病史特点/病史特点-75.txt,左肩关节,219,222,左肩,Bo,左肩关节,Bo
352,/Users/floyd/Desktop/Research/NER-CRF/cctner/dataset/annoted/batch1/病史特点/病史特点-75.txt,左肘关节,244,247,左肘,Bo,左肘关节,Bo
353,/Users/floyd/Desktop/Research/NER-CRF/cctner/dataset/annoted/batch1/病史特点/病史特点-75.txt,前胸部局部软组织,253,260,前胸部,Bo,前胸部局部软组织,Bo
354,/Users/floyd/Desktop/Research/NER-CRF/cctner/dataset/annoted/batch1/病史特点/病史特点-75.txt,头胸腹CT左肩,280,286,头胸腹CT,Ch,头胸腹CT左肩,Ch
355,/Users/floyd/Desktop/Research/NER-CRF/cctner/dataset/annoted/batch1/病史特点/病史特点-75.txt,"头胸腹CT左肩,左肱骨,左肘,左尺桡骨X线片",280,301,"左肩,左肱骨,左肘,左尺桡骨X线片",Ch,头胸腹CT左肩,Ch
356,/Users/floyd/Desktop/Research/NER-CRF/cctner/dataset/annoted/batch1/病史特点/病史特点-75.txt,"左肩,左肱骨,左肘,左尺桡骨X线片",285,301,"左肩,左肱骨,左肘,左尺桡骨X线片",Ch,左肱骨,Bo
357,/Users/floyd/Desktop/Research/NER-CRF/cctner/dataset/annoted/batch1/病史特点/病史特点-75.txt,"左肩,左肱骨,左肘,左尺桡骨X线片",285,301,"左肩,左肱骨,左肘,左尺桡骨X线片",Ch,左肘,Bo
358,/Users/floyd/Desktop/Research/NER-CRF/cctner/dataset/annoted/batch1/病史特点/病史特点-75.txt,"左肩,左肱骨,左肘,左尺桡骨X线片",285,301,"左肩,左肱骨,左肘,左尺桡骨X线片",Ch,左尺桡骨X线片,Ch
359,/Users/floyd/Desktop/Research/NER-CRF/cctner/dataset/annoted/batch1/病史特点/病史特点-79.txt,右侧上颌窦炎,115,120,,,右侧上颌窦炎,Bo
360,/Users/floyd/Desktop/Research/NER-CRF/cctner/dataset/annoted/batch1/病史特点/病史特点-79.txt,DR,144,145,DR,Ch,,
361,/Users/floyd/Desktop/Research/NER-CRF/cctner/dataset/annoted/batch1/病史特点/病史特点-79.txt,交通伤,182,184,,,交通伤,Si
362,/Users/floyd/Desktop/Research/NER-CRF/cctner/dataset/annoted/batch1/病史特点/病史特点-79.txt,胃肠,430,431,胃肠,Bo,,
363,/Users/floyd/Desktop/Research/NER-CRF/cctner/dataset/annoted/batch1/病史特点/病史特点-79.txt,右侧上颌窦炎,653,658,右侧上颌窦炎,Si,右侧上颌窦炎,Bo
364,/Users/floyd/Desktop/Research/NER-CRF/cctner/dataset/annoted/batch1/病史特点/病史特点-79.txt,DR,682,683,DR,Ch,,
365,/Users/floyd/Desktop/Research/NER-CRF/cctner/dataset/annoted/batch1/病史特点/病史特点-8.txt,传染病,27,29,,,传染病,Si
366,/Users/floyd/Desktop/Research/NER-CRF/cctner/dataset/annoted/batch1/病史特点/病史特点-8.txt,对磺胺类药物,32,37,磺胺类药物,Tr,对磺胺类,Tr
367,/Users/floyd/Desktop/Research/NER-CRF/cctner/dataset/annoted/batch1/病史特点/病史特点-8.txt,出血,98,99,出血,Sy,,
368,/Users/floyd/Desktop/Research/NER-CRF/cctner/dataset/annoted/batch1/病史特点/病史特点-8.txt,右胸部外伤,172,176,右胸部外伤,Si,右胸部,Bo
369,/Users/floyd/Desktop/Research/NER-CRF/cctner/dataset/annoted/batch1/病史特点/病史特点-8.txt,右侧胸壁腋前线内侧,293,301,右侧胸壁腋前线内侧,Bo,右侧胸壁,Bo
370,/Users/floyd/Desktop/Research/NER-CRF/cctner/dataset/annoted/batch1/病史特点/病史特点-8.txt,湿性啰音,341,344,,,湿性啰音,Ch
371,/Users/floyd/Desktop/Research/NER-CRF/cctner/dataset/annoted/batch1/病史特点/病史特点-8.txt,假肢,363,364,,,假肢,Bo
372,/Users/floyd/Desktop/Research/NER-CRF/cctner/dataset/annoted/batch1/病史特点/病史特点-84.txt,右腹股沟疝手术,41,47,右腹股沟疝手术,Tr,右腹股沟,Bo
373,/Users/floyd/Desktop/Research/NER-CRF/cctner/dataset/annoted/batch1/病史特点/病史特点-84.txt,左侧腹股沟,63,67,腹股沟,Bo,左侧腹股沟,Bo
374,/Users/floyd/Desktop/Research/NER-CRF/cctner/dataset/annoted/batch1/病史特点/病史特点-84.txt,腹腔,107,108,,,腹腔,Sy
375,/Users/floyd/Desktop/Research/NER-CRF/cctner/dataset/annoted/batch1/病史特点/病史特点-84.txt,胸廓,232,233,,,胸廓,Bo
376,/Users/floyd/Desktop/Research/NER-CRF/cctner/dataset/annoted/batch1/病史特点/病史特点-84.txt,外生殖器,447,450,外生殖器,Bo,,
377,/Users/floyd/Desktop/Research/NER-CRF/cctner/dataset/annoted/batch1/病史特点/病史特点-84.txt,右下肢静脉,470,474,右下肢,Bo,右下肢静脉,Bo
378,/Users/floyd/Desktop/Research/NER-CRF/cctner/dataset/annoted/batch1/病史特点/病史特点-84.txt,腹腔,552,553,,,腹腔,Sy
379,/Users/floyd/Desktop/Research/NER-CRF/cctner/dataset/annoted/batch1/病史特点/病史特点-85.txt,耻骨上膀胱区,377,382,上膀胱区,Bo,耻骨上膀胱区,Bo
380,/Users/floyd/Desktop/Research/NER-CRF/cctner/dataset/annoted/batch1/病史特点/病史特点-85.txt,两侧阴囊,419,422,阴囊,Bo,两侧阴囊,Bo
381,/Users/floyd/Desktop/Research/NER-CRF/cctner/dataset/annoted/batch1/病史特点/病史特点-85.txt,双侧附睾,446,449,,,双侧附睾,Bo
382,/Users/floyd/Desktop/Research/NER-CRF/cctner/dataset/annoted/batch1/病史特点/病史特点-85.txt,闭孔内肌实验,603,608,闭孔内肌实验,Ch,闭孔内肌,Bo
383,/Users/floyd/Desktop/Research/NER-CRF/cctner/dataset/annoted/batch1/病史特点/病史特点-87.txt,高血压,35,37,血压,Ch,高血压,Si
384,/Users/floyd/Desktop/Research/NER-CRF/cctner/dataset/annoted/batch1/病史特点/病史特点-87.txt,磺胺类药物,46,50,,,磺胺类药物,Tr
385,/Users/floyd/Desktop/Research/NER-CRF/cctner/dataset/annoted/batch1/病史特点/病史特点-87.txt,右腹部,57,59,腹部,Bo,右腹部,Bo
386,/Users/floyd/Desktop/Research/NER-CRF/cctner/dataset/annoted/batch1/病史特点/病史特点-87.txt,右腰部部,78,81,腰部,Bo,右腰部部,Bo
387,/Users/floyd/Desktop/Research/NER-CRF/cctner/dataset/annoted/batch1/病史特点/病史特点-87.txt,双侧瞳孔,185,188,,,双侧瞳孔,Bo
388,/Users/floyd/Desktop/Research/NER-CRF/cctner/dataset/annoted/batch1/病史特点/病史特点-87.txt,两侧阴囊,422,425,阴囊,Bo,两侧阴囊,Bo
389,/Users/floyd/Desktop/Research/NER-CRF/cctner/dataset/annoted/batch1/病史特点/病史特点-87.txt,双侧睾丸,433,436,睾丸,Bo,双侧睾丸,Bo
390,/Users/floyd/Desktop/Research/NER-CRF/cctner/dataset/annoted/batch1/病史特点/病史特点-87.txt,双侧附睾,449,452,,,双侧附睾,Bo
391,/Users/floyd/Desktop/Research/NER-CRF/cctner/dataset/annoted/batch1/病史特点/病史特点-87.txt,超声,466,467,超声,Ch,,
392,/Users/floyd/Desktop/Research/NER-CRF/cctner/dataset/annoted/batch1/病史特点/病史特点-87.txt,右侧输尿管,473,477,,,右侧输尿管,Bo
393,/Users/floyd/Desktop/Research/NER-CRF/cctner/dataset/annoted/batch1/病史特点/病史特点-87.txt,右肾,484,485,,,右肾,Bo
394,/Users/floyd/Desktop/Research/NER-CRF/cctner/dataset/annoted/batch1/病史特点/病史特点-87.txt,前列腺增生,501,505,前列腺,Bo,前列腺增生,Si
395,/Users/floyd/Desktop/Research/NER-CRF/cctner/dataset/annoted/batch1/病史特点/病史特点-87.txt,左侧输尿管,519,523,,,左侧输尿管,Bo
396,/Users/floyd/Desktop/Research/NER-CRF/cctner/dataset/annoted/batch1/病史特点/病史特点-89.txt,咳嗽,60,61,咳嗽,Sy,,
397,/Users/floyd/Desktop/Research/NER-CRF/cctner/dataset/annoted/batch1/病史特点/病史特点-89.txt,慢性阻塞性肺疾病,103,110,慢性阻塞性肺疾病,Si,,
398,/Users/floyd/Desktop/Research/NER-CRF/cctner/dataset/annoted/batch1/病史特点/病史特点-89.txt,肺源性心脏病,111,116,肺源性心脏病,Si,心脏病,Si
399,/Users/floyd/Desktop/Research/NER-CRF/cctner/dataset/annoted/batch1/病史特点/病史特点-89.txt,哮鸣音,306,308,,,哮鸣音,Ch
400,/Users/floyd/Desktop/Research/NER-CRF/cctner/dataset/annoted/batch1/病史特点/病史特点-89.txt,瓣膜区,344,346,,,瓣膜区,Bo
401,/Users/floyd/Desktop/Research/NER-CRF/cctner/dataset/annoted/batch1/病史特点/病史特点-89.txt,颅神经查,386,389,颅神经查,Ch,,
402,/Users/floyd/Desktop/Research/NER-CRF/cctner/dataset/annoted/batch1/病史特点/病史特点-89.txt,膝腱腱,411,413,,,膝腱腱,Bo
403,/Users/floyd/Desktop/Research/NER-CRF/cctner/dataset/annoted/batch1/病史特点/病史特点-89.txt,窦性心动,454,457,,,窦性心动,Ch
404,/Users/floyd/Desktop/Research/NER-CRF/cctner/dataset/annoted/batch1/病史特点/病史特点-89.txt,房性,463,464,,,房性,Ch
405,/Users/floyd/Desktop/Research/NER-CRF/cctner/dataset/annoted/batch1/病史特点/病史特点-90.txt,右膝关节正侧位,77,83,右膝关节,Bo,右膝关节正侧位,Ch
406,/Users/floyd/Desktop/Research/NER-CRF/cctner/dataset/annoted/batch1/病史特点/病史特点-90.txt,右腕关节正侧位,85,91,右腕,Bo,右腕关节正侧位,Ch
407,/Users/floyd/Desktop/Research/NER-CRF/cctner/dataset/annoted/batch1/病史特点/病史特点-90.txt,肝、脾肋下,293,297,肝,Bo,肝、脾肋下,Bo
408,/Users/floyd/Desktop/Research/NER-CRF/cctner/dataset/annoted/batch1/病史特点/病史特点-90.txt,肝、脾肋下,293,297,脾,Bo,肝、脾肋下,Bo
409,/Users/floyd/Desktop/Research/NER-CRF/cctner/dataset/annoted/batch1/病史特点/病史特点-90.txt,肝、脾肋下,293,297,肋下,Bo,肝、脾肋下,Bo
410,/Users/floyd/Desktop/Research/NER-CRF/cctner/dataset/annoted/batch1/病史特点/病史特点-90.txt,右腕关节,318,321,右腕,Bo,右腕关节,Bo
411,/Users/floyd/Desktop/Research/NER-CRF/cctner/dataset/annoted/batch1/病史特点/病史特点-90.txt,右膝内侧,354,357,右膝,Bo,右膝内侧,Bo
412,/Users/floyd/Desktop/Research/NER-CRF/cctner/dataset/annoted/batch1/病史特点/病史特点-90.txt,肢体,376,377,,,肢体,Bo
413,/Users/floyd/Desktop/Research/NER-CRF/cctner/dataset/annoted/batch1/病史特点/病史特点-94.txt,剖宫产手术,23,27,剖宫产,Tr,剖宫产手术,Tr
414,/Users/floyd/Desktop/Research/NER-CRF/cctner/dataset/annoted/batch1/病史特点/病史特点-94.txt,腹痛,64,65,腹,Bo,腹痛,Sy
415,/Users/floyd/Desktop/Research/NER-CRF/cctner/dataset/annoted/batch1/病史特点/病史特点-94.txt,颅脑CT,103,106,,,颅脑CT,Ch
416,/Users/floyd/Desktop/Research/NER-CRF/cctner/dataset/annoted/batch1/病史特点/病史特点-94.txt,额部右侧软组织,114,120,额部右侧,Bo,额部右侧软组织,Bo
417,/Users/floyd/Desktop/Research/NER-CRF/cctner/dataset/annoted/batch1/病史特点/病史特点-94.txt,右前额部、腹部软组织损伤,153,164,右前额部、腹部软组织损伤,Si,右前额部,Bo
418,/Users/floyd/Desktop/Research/NER-CRF/cctner/dataset/annoted/batch1/病史特点/病史特点-94.txt,右前额部、腹部软组织损伤,153,164,右前额部、腹部软组织损伤,Si,腹部软组织,Bo
419,/Users/floyd/Desktop/Research/NER-CRF/cctner/dataset/annoted/batch1/病史特点/病史特点-94.txt,肿胀,253,254,肿胀,Sy,,
420,/Users/floyd/Desktop/Research/NER-CRF/cctner/dataset/annoted/batch1/病史特点/病史特点-94.txt,头颅CT,339,342,头颅CT,Ch,,
421,/Users/floyd/Desktop/Research/NER-CRF/cctner/dataset/annoted/batch1/病史特点/病史特点-94.txt,颅脑CT,344,347,,,颅脑CT,Ch
422,/Users/floyd/Desktop/Research/NER-CRF/cctner/dataset/annoted/batch1/病史特点/病史特点-94.txt,额部右侧软组织,355,361,额部右侧,Bo,额部右侧软组织,Bo
423,/Users/floyd/Desktop/Research/NER-CRF/cctner/dataset/annoted/batch1/病史特点/病史特点-96.txt,右肺挫伤,99,102,右肺挫伤,Si,右肺,Bo
424,/Users/floyd/Desktop/Research/NER-CRF/cctner/dataset/annoted/batch1/病史特点/病史特点-96.txt,左肺索条,106,109,左肺索条,Si,左肺索,Bo
425,/Users/floyd/Desktop/Research/NER-CRF/cctner/dataset/annoted/batch1/病史特点/病史特点-96.txt,左肺上叶近纵隔旁透明影,112,122,左肺上叶近纵隔旁透明影,Si,左肺,Bo
426,/Users/floyd/Desktop/Research/NER-CRF/cctner/dataset/annoted/batch1/病史特点/病史特点-96.txt,右侧液气胸,125,129,右侧液气胸,Si,右侧液,Bo
427,/Users/floyd/Desktop/Research/NER-CRF/cctner/dataset/annoted/batch1/病史特点/病史特点-96.txt,右侧多发肋骨骨折,132,139,右侧多发肋骨骨折,Si,肋骨,Bo
428,/Users/floyd/Desktop/Research/NER-CRF/cctner/dataset/annoted/batch1/病史特点/病史特点-96.txt,右侧多发肋骨骨折,132,139,右侧多发肋骨骨折,Si,骨折,Sy
429,/Users/floyd/Desktop/Research/NER-CRF/cctner/dataset/annoted/batch1/病史特点/病史特点-96.txt,右侧胸背部皮下气肿,141,149,右侧胸背部皮下气肿,Si,右侧胸背部皮下,Bo
430,/Users/floyd/Desktop/Research/NER-CRF/cctner/dataset/annoted/batch1/病史特点/病史特点-96.txt,右侧胸背部皮下气肿,141,149,右侧胸背部皮下气肿,Si,气肿,Sy
431,/Users/floyd/Desktop/Research/NER-CRF/cctner/dataset/annoted/batch1/病史特点/病史特点-96.txt,脂肪肝,154,156,脂肪肝,Si,,
432,/Users/floyd/Desktop/Research/NER-CRF/cctner/dataset/annoted/batch1/病史特点/病史特点-96.txt,副脾,159,160,副脾,Si,副,Bo
433,/Users/floyd/Desktop/Research/NER-CRF/cctner/dataset/annoted/batch1/病史特点/病史特点-96.txt,副脾,159,160,副脾,Si,脾,Bo
434,/Users/floyd/Desktop/Research/NER-CRF/cctner/dataset/annoted/batch1/病史特点/病史特点-96.txt,中心结节,171,174,结节,Sy,中心结节,Ch
435,/Users/floyd/Desktop/Research/NER-CRF/cctner/dataset/annoted/batch1/病史特点/病史特点-96.txt,冠状动脉见钙化,182,188,冠状动脉见钙化,Si,冠状动脉,Bo
436,/Users/floyd/Desktop/Research/NER-CRF/cctner/dataset/annoted/batch1/病史特点/病史特点-96.txt,右侧液气胸,198,202,右侧液气胸,Si,,
437,/Users/floyd/Desktop/Research/NER-CRF/cctner/dataset/annoted/batch1/病史特点/病史特点-96.txt,右侧第9肋骨骨折,205,212,右侧第9肋骨骨折,Si,骨折,Sy
438,/Users/floyd/Desktop/Research/NER-CRF/cctner/dataset/annoted/batch1/病史特点/病史特点-96.txt,右侧第9肋骨骨折,205,212,右侧第9肋骨骨折,Si,右侧第9肋骨,Bo
439,/Users/floyd/Desktop/Research/NER-CRF/cctner/dataset/annoted/batch1/病史特点/病史特点-96.txt,皮下气肿,225,228,皮下气肿,Si,气肿,Sy
440,/Users/floyd/Desktop/Research/NER-CRF/cctner/dataset/annoted/batch1/病史特点/病史特点-96.txt,肋骨骨折合并液气胸,268,276,肋骨骨折合并液气胸,Si,液气胸,Bo
441,/Users/floyd/Desktop/Research/NER-CRF/cctner/dataset/annoted/batch1/病史特点/病史特点-96.txt,肋骨骨折合并液气胸,268,276,肋骨骨折合并液气胸,Si,肋骨骨折,Si
442,/Users/floyd/Desktop/Research/NER-CRF/cctner/dataset/annoted/batch1/病史特点/病史特点-96.txt,跟膝腱反射,503,507,跟膝腱,Bo,跟膝腱反射,Ch
443,/Users/floyd/Desktop/Research/NER-CRF/cctner/dataset/annoted/batch1/病史特点/病史特点-96.txt,右侧语颤,562,565,,,右侧语颤,Bo
444,/Users/floyd/Desktop/Research/NER-CRF/cctner/dataset/annoted/batch1/病史特点/病史特点-96.txt,胸廓,632,633,,,胸廓,Bo
445,/Users/floyd/Desktop/Research/NER-CRF/cctner/dataset/annoted/batch1/病史特点/病史特点-96.txt,左肺索,664,666,左肺,Bo,左肺索,Bo
446,/Users/floyd/Desktop/Research/NER-CRF/cctner/dataset/annoted/batch1/病史特点/病史特点-96.txt,左肺上叶近纵隔旁,670,677,左肺上叶近纵隔旁,Bo,左肺,Bo
447,/Users/floyd/Desktop/Research/NER-CRF/cctner/dataset/annoted/batch1/病史特点/病史特点-96.txt,右侧液,683,685,,,右侧液,Bo
448,/Users/floyd/Desktop/Research/NER-CRF/cctner/dataset/annoted/batch1/病史特点/病史特点-96.txt,肋骨,694,695,,,肋骨,Bo
449,/Users/floyd/Desktop/Research/NER-CRF/cctner/dataset/annoted/batch1/病史特点/病史特点-96.txt,右侧胸背部皮下,699,705,胸背部,Bo,右侧胸背部皮下,Bo
450,/Users/floyd/Desktop/Research/NER-CRF/cctner/dataset/annoted/batch1/病史特点/病史特点-96.txt,气肿,706,707,,,气肿,Sy
451,/Users/floyd/Desktop/Research/NER-CRF/cctner/dataset/annoted/batch1/病史特点/病史特点-96.txt,副,717,717,,,副,Bo
452,/Users/floyd/Desktop/Research/NER-CRF/cctner/dataset/annoted/batch1/病史特点/病史特点-96.txt,脾,718,718,,,脾,Bo
453,/Users/floyd/Desktop/Research/NER-CRF/cctner/dataset/annoted/batch1/病史特点/病史特点-96.txt,中心结节,729,732,结节,Sy,中心结节,Ch
454,/Users/floyd/Desktop/Research/NER-CRF/cctner/dataset/annoted/batch1/病史特点/病史特点-96.txt,冠状动脉,740,743,,,冠状动脉,Bo
455,/Users/floyd/Desktop/Research/NER-CRF/cctner/dataset/annoted/batch1/病史特点/病史特点-96.txt,右侧第9肋骨,762,767,第9肋骨,Bo,右侧第9肋骨,Bo
456,/Users/floyd/Desktop/Research/NER-CRF/cctner/dataset/annoted/batch1/病史特点/病史特点-96.txt,气肿,784,785,,,气肿,Sy
457,/Users/floyd/Desktop/Research/NER-CRF/cctner/dataset/annoted/batch1/诊疗经过/诊疗经过-102.txt,止痛、活血化瘀对症,33,41,,,止痛、活血化瘀对症,Tr
458,/Users/floyd/Desktop/Research/NER-CRF/cctner/dataset/annoted/batch1/诊疗经过/诊疗经过-102.txt,肿胀,66,67,,,肿胀,Sy
459,/Users/floyd/Desktop/Research/NER-CRF/cctner/dataset/annoted/batch1/诊疗经过/诊疗经过-105.txt,腹部软组织,10,14,腹部,Bo,腹部软组织,Bo
460,/Users/floyd/Desktop/Research/NER-CRF/cctner/dataset/annoted/batch1/诊疗经过/诊疗经过-105.txt,头外伤后神经反应,17,24,头,Bo,头外伤后神经反应,Si
461,/Users/floyd/Desktop/Research/NER-CRF/cctner/dataset/annoted/batch1/诊疗经过/诊疗经过-105.txt,肝囊肿,31,33,,,肝囊肿,Si
462,/Users/floyd/Desktop/Research/NER-CRF/cctner/dataset/annoted/batch1/诊疗经过/诊疗经过-108.txt,杜冷丁,22,24,杜冷丁,Tr,,
463,/Users/floyd/Desktop/Research/NER-CRF/cctner/dataset/annoted/batch1/诊疗经过/诊疗经过-108.txt,黄体酮,29,31,黄体酮,Tr,黄体酮,Ch
464,/Users/floyd/Desktop/Research/NER-CRF/cctner/dataset/annoted/batch1/诊疗经过/诊疗经过-108.txt,寒战,80,81,,,寒战,Sy
465,/Users/floyd/Desktop/Research/NER-CRF/cctner/dataset/annoted/batch1/诊疗经过/诊疗经过-108.txt,肿胀,286,287,,,肿胀,Sy
466,/Users/floyd/Desktop/Research/NER-CRF/cctner/dataset/annoted/batch1/诊疗经过/诊疗经过-108.txt,体温,308,309,,,体温,Ch
467,/Users/floyd/Desktop/Research/NER-CRF/cctner/dataset/annoted/batch1/诊疗经过/诊疗经过-108.txt,生理盐水,330,333,生理盐水,Tr,生理盐水,Ch
468,/Users/floyd/Desktop/Research/NER-CRF/cctner/dataset/annoted/batch1/诊疗经过/诊疗经过-108.txt,分血氧饱和度96%,368,376,血氧饱和度,Ch,分血氧饱和度96%,Ch
469,/Users/floyd/Desktop/Research/NER-CRF/cctner/dataset/annoted/batch1/诊疗经过/诊疗经过-108.txt,体温,412,413,体温,Ch,,
470,/Users/floyd/Desktop/Research/NER-CRF/cctner/dataset/annoted/batch1/诊疗经过/诊疗经过-108.txt,体温,434,435,体温,Ch,,
471,/Users/floyd/Desktop/Research/NER-CRF/cctner/dataset/annoted/batch1/诊疗经过/诊疗经过-108.txt,泌尿系感染合并SIRS,460,470,泌尿系感染合并SIRS,Si,,
472,/Users/floyd/Desktop/Research/NER-CRF/cctner/dataset/annoted/batch1/诊疗经过/诊疗经过-108.txt,头孢替唑,506,509,头孢替唑,Tr,头孢,Tr
473,/Users/floyd/Desktop/Research/NER-CRF/cctner/dataset/annoted/batch1/诊疗经过/诊疗经过-108.txt,膀胱镜室,567,570,膀胱镜室,Bo,膀胱,Bo
474,/Users/floyd/Desktop/Research/NER-CRF/cctner/dataset/annoted/batch1/诊疗经过/诊疗经过-108.txt,静脉,585,586,静脉,Bo,,
475,/Users/floyd/Desktop/Research/NER-CRF/cctner/dataset/annoted/batch1/诊疗经过/诊疗经过-108.txt,血管活性药物,597,602,血管活性药物,Tr,,
476,/Users/floyd/Desktop/Research/NER-CRF/cctner/dataset/annoted/batch1/诊疗经过/诊疗经过-108.txt,体温,621,622,,,体温,Ch
477,/Users/floyd/Desktop/Research/NER-CRF/cctner/dataset/annoted/batch1/诊疗经过/诊疗经过-108.txt,尿,635,635,尿,Bo,,
478,/Users/floyd/Desktop/Research/NER-CRF/cctner/dataset/annoted/batch1/诊疗经过/诊疗经过-108.txt,血常规,666,668,,,血常规,Ch
479,/Users/floyd/Desktop/Research/NER-CRF/cctner/dataset/annoted/batch1/诊疗经过/诊疗经过-109.txt,体外碎石,51,54,体外碎石,Tr,,
480,/Users/floyd/Desktop/Research/NER-CRF/cctner/dataset/annoted/batch1/诊疗经过/诊疗经过-12.txt,腰椎间盘,83,86,腰椎间盘,Bo,腰椎,Bo
481,/Users/floyd/Desktop/Research/NER-CRF/cctner/dataset/annoted/batch1/诊疗经过/诊疗经过-127.txt,咽后壁,57,59,咽后壁,Ch,咽后壁,Bo
482,/Users/floyd/Desktop/Research/NER-CRF/cctner/dataset/annoted/batch1/诊疗经过/诊疗经过-127.txt,支气管肺炎,93,97,,,支气管肺炎,Si
483,/Users/floyd/Desktop/Research/NER-CRF/cctner/dataset/annoted/batch1/诊疗经过/诊疗经过-127.txt,清宣止咳,128,131,清宣止咳,Tr,,
484,/Users/floyd/Desktop/Research/NER-CRF/cctner/dataset/annoted/batch1/诊疗经过/诊疗经过-128.txt,中小水泡音,67,71,中小水泡音,Ch,,
485,/Users/floyd/Desktop/Research/NER-CRF/cctner/dataset/annoted/batch1/诊疗经过/诊疗经过-128.txt,胸部正位片,75,79,胸部正位片,Ch,胸部,Bo
486,/Users/floyd/Desktop/Research/NER-CRF/cctner/dataset/annoted/batch1/诊疗经过/诊疗经过-128.txt,肺炎,86,87,,,肺炎,Si
487,/Users/floyd/Desktop/Research/NER-CRF/cctner/dataset/annoted/batch1/诊疗经过/诊疗经过-128.txt,布地奈德雾,126,130,布地奈德雾,Tr,布地奈德,Tr
488,/Users/floyd/Desktop/Research/NER-CRF/cctner/dataset/annoted/batch1/诊疗经过/诊疗经过-129.txt,急性支气管,48,52,支气管,Bo,急性支气管,Si
489,/Users/floyd/Desktop/Research/NER-CRF/cctner/dataset/annoted/batch1/诊疗经过/诊疗经过-129.txt,化痰止咳,107,110,,,化痰止咳,Si
490,/Users/floyd/Desktop/Research/NER-CRF/cctner/dataset/annoted/batch1/诊疗经过/诊疗经过-134.txt,支气管,79,81,,,支气管,Bo
491,/Users/floyd/Desktop/Research/NER-CRF/cctner/dataset/annoted/batch1/诊疗经过/诊疗经过-137.txt,淋巴细胞数,107,111,淋巴细胞,Ch,淋巴细胞数,Ch
492,/Users/floyd/Desktop/Research/NER-CRF/cctner/dataset/annoted/batch1/诊疗经过/诊疗经过-137.txt,平均血红蛋白量,134,140,血红蛋白量,Ch,平均血红蛋白量,Ch
493,/Users/floyd/Desktop/Research/NER-CRF/cctner/dataset/annoted/batch1/诊疗经过/诊疗经过-137.txt,急性上呼吸道感染,182,189,急性上呼吸道感染,Si,呼吸道,Bo
494,/Users/floyd/Desktop/Research/NER-CRF/cctner/dataset/annoted/batch1/诊疗经过/诊疗经过-137.txt,抽搐,193,194,,,抽搐,Sy
495,/Users/floyd/Desktop/Research/NER-CRF/cctner/dataset/annoted/batch1/诊疗经过/诊疗经过-140.txt,左肺,83,84,,,左肺,Bo
496,/Users/floyd/Desktop/Research/NER-CRF/cctner/dataset/annoted/batch1/诊疗经过/诊疗经过-140.txt,脐周,99,100,,,脐周,Bo
497,/Users/floyd/Desktop/Research/NER-CRF/cctner/dataset/annoted/batch1/诊疗经过/诊疗经过-140.txt,脐周脐周大血管,120,126,脐周,Bo,脐周脐周大血管,Bo
498,/Users/floyd/Desktop/Research/NER-CRF/cctner/dataset/annoted/batch1/诊疗经过/诊疗经过-140.txt,多发淋巴结,137,141,多发淋巴结,Si,淋巴结,Bo
499,/Users/floyd/Desktop/Research/NER-CRF/cctner/dataset/annoted/batch1/诊疗经过/诊疗经过-140.txt,复方鲜竹沥止,193,198,复方鲜竹沥止,Tr,复方鲜竹沥,Tr
500,/Users/floyd/Desktop/Research/NER-CRF/cctner/dataset/annoted/batch1/诊疗经过/诊疗经过-145.txt,支气管,119,121,,,支气管,Bo
501,/Users/floyd/Desktop/Research/NER-CRF/cctner/dataset/annoted/batch1/诊疗经过/诊疗经过-145.txt,点氨曲南,127,130,氨曲南,Tr,点氨曲南,Tr
502,/Users/floyd/Desktop/Research/NER-CRF/cctner/dataset/annoted/batch1/诊疗经过/诊疗经过-146.txt,胀满,38,39,,,胀满,Sy
503,/Users/floyd/Desktop/Research/NER-CRF/cctner/dataset/annoted/batch1/诊疗经过/诊疗经过-146.txt,结腹部常规彩超,49,55,腹部常规彩超,Ch,结腹部常规彩超,Ch
504,/Users/floyd/Desktop/Research/NER-CRF/cctner/dataset/annoted/batch1/诊疗经过/诊疗经过-146.txt,脐周大血管,60,64,脐周,Bo,脐周大血管,Bo
505,/Users/floyd/Desktop/Research/NER-CRF/cctner/dataset/annoted/batch1/诊疗经过/诊疗经过-146.txt,右下腹肠管,102,106,右下腹肠,Bo,右下腹肠管,Bo
506,/Users/floyd/Desktop/Research/NER-CRF/cctner/dataset/annoted/batch1/诊疗经过/诊疗经过-149.txt,中性细胞数,101,105,中性细胞,Ch,中性细胞数,Ch
507,/Users/floyd/Desktop/Research/NER-CRF/cctner/dataset/annoted/batch1/诊疗经过/诊疗经过-149.txt,淋巴细胞数,119,123,淋巴细胞,Ch,淋巴细胞数,Ch
508,/Users/floyd/Desktop/Research/NER-CRF/cctner/dataset/annoted/batch1/诊疗经过/诊疗经过-149.txt,右肺,184,185,,,右肺,Bo
509,/Users/floyd/Desktop/Research/NER-CRF/cctner/dataset/annoted/batch1/诊疗经过/诊疗经过-149.txt,头孢替唑注射液,214,220,头孢替唑,Tr,头孢替唑注射液,Tr
510,/Users/floyd/Desktop/Research/NER-CRF/cctner/dataset/annoted/batch1/诊疗经过/诊疗经过-149.txt,盐酸丙卡特罗口服液、肺宁颗粒,225,238,盐酸丙卡特罗口服液,Tr,盐酸丙卡特罗口服液、肺宁颗粒,Tr
511,/Users/floyd/Desktop/Research/NER-CRF/cctner/dataset/annoted/batch1/诊疗经过/诊疗经过-149.txt,盐酸丙卡特罗口服液、肺宁颗粒,225,238,肺宁颗粒,Tr,盐酸丙卡特罗口服液、肺宁颗粒,Tr
512,/Users/floyd/Desktop/Research/NER-CRF/cctner/dataset/annoted/batch1/诊疗经过/诊疗经过-149.txt,呼吸道,252,254,呼吸道,Bo,,
513,/Users/floyd/Desktop/Research/NER-CRF/cctner/dataset/annoted/batch1/诊疗经过/诊疗经过-151.txt,胸片,88,89,胸片,Ch,,
514,/Users/floyd/Desktop/Research/NER-CRF/cctner/dataset/annoted/batch1/诊疗经过/诊疗经过-151.txt,急性支气管,96,100,支气管,Bo,急性支气管,Bo
515,/Users/floyd/Desktop/Research/NER-CRF/cctner/dataset/annoted/batch1/诊疗经过/诊疗经过-152.txt,双肺,100,101,,,双肺,Bo
516,/Users/floyd/Desktop/Research/NER-CRF/cctner/dataset/annoted/batch1/诊疗经过/诊疗经过-152.txt,胸片,112,113,胸片,Ch,,
517,/Users/floyd/Desktop/Research/NER-CRF/cctner/dataset/annoted/batch1/诊疗经过/诊疗经过-152.txt,急性支气管,120,124,支气管,Bo,急性支气管,Bo
518,/Users/floyd/Desktop/Research/NER-CRF/cctner/dataset/annoted/batch1/诊疗经过/诊疗经过-152.txt,脐周,147,148,脐周,Bo,脐,Bo
519,/Users/floyd/Desktop/Research/NER-CRF/cctner/dataset/annoted/batch1/诊疗经过/诊疗经过-161.txt,流涎,23,24,流涎,Sy,,
520,/Users/floyd/Desktop/Research/NER-CRF/cctner/dataset/annoted/batch1/诊疗经过/诊疗经过-163.txt,双扁桃体,54,57,双扁桃体,Bo,扁桃体,Bo
521,/Users/floyd/Desktop/Research/NER-CRF/cctner/dataset/annoted/batch1/诊疗经过/诊疗经过-163.txt,肺力咳合剂,130,134,,,肺力咳合剂,Tr
522,/Users/floyd/Desktop/Research/NER-CRF/cctner/dataset/annoted/batch1/诊疗经过/诊疗经过-163.txt,痰,138,138,痰,Bo,,
523,/Users/floyd/Desktop/Research/NER-CRF/cctner/dataset/annoted/batch1/诊疗经过/诊疗经过-17.txt,生化,20,21,生化,Ch,,
524,/Users/floyd/Desktop/Research/NER-CRF/cctner/dataset/annoted/batch1/诊疗经过/诊疗经过-183.txt,脐,37,37,脐,Bo,,
525,/Users/floyd/Desktop/Research/NER-CRF/cctner/dataset/annoted/batch1/诊疗经过/诊疗经过-186.txt,麻木,19,20,,,麻木,Sy
526,/Users/floyd/Desktop/Research/NER-CRF/cctner/dataset/annoted/batch1/诊疗经过/诊疗经过-186.txt,疏血通,109,111,疏血通,Tr,,
527,/Users/floyd/Desktop/Research/NER-CRF/cctner/dataset/annoted/batch1/诊疗经过/诊疗经过-188.txt,脑梗死,30,32,脑,Bo,脑梗死,Si
528,/Users/floyd/Desktop/Research/NER-CRF/cctner/dataset/annoted/batch1/诊疗经过/诊疗经过-188.txt,心悸胸闷,48,51,心悸,Sy,心悸胸闷,Sy
529,/Users/floyd/Desktop/Research/NER-CRF/cctner/dataset/annoted/batch1/诊疗经过/诊疗经过-188.txt,脑蛋白水解物,95,100,脑蛋白水解物,Tr,脑蛋白,Bo
530,/Users/floyd/Desktop/Research/NER-CRF/cctner/dataset/annoted/batch1/诊疗经过/诊疗经过-188.txt,胃粘膜,114,116,,,胃粘膜,Bo
531,/Users/floyd/Desktop/Research/NER-CRF/cctner/dataset/annoted/batch1/诊疗经过/诊疗经过-193.txt,加地塞米松注射液,80,87,地塞米松注射液,Tr,加地塞米松注射液,Tr
532,/Users/floyd/Desktop/Research/NER-CRF/cctner/dataset/annoted/batch1/诊疗经过/诊疗经过-193.txt,营养神经药物甲钴胺,139,147,甲钴胺,Tr,营养神经药物甲钴胺,Tr
533,/Users/floyd/Desktop/Research/NER-CRF/cctner/dataset/annoted/batch1/诊疗经过/诊疗经过-195.txt,抗生素、口服药物,17,24,抗生素,Tr,抗生素、口服药物,Tr
534,/Users/floyd/Desktop/Research/NER-CRF/cctner/dataset/annoted/batch1/诊疗经过/诊疗经过-195.txt,抗生素、口服药物,17,24,药物,Tr,抗生素、口服药物,Tr
535,/Users/floyd/Desktop/Research/NER-CRF/cctner/dataset/annoted/batch1/诊疗经过/诊疗经过-20.txt,并颅内,36,38,颅内,Bo,并颅内,Bo
536,/Users/floyd/Desktop/Research/NER-CRF/cctner/dataset/annoted/batch1/诊疗经过/诊疗经过-20.txt,开放性颅脑损伤清创缝合术,104,115,开放性颅脑损伤清创缝合术,Tr,清创缝合术,Tr
537,/Users/floyd/Desktop/Research/NER-CRF/cctner/dataset/annoted/batch1/诊疗经过/诊疗经过-20.txt,颅内,146,147,颅内,Bo,,
538,/Users/floyd/Desktop/Research/NER-CRF/cctner/dataset/annoted/batch1/诊疗经过/诊疗经过-205.txt,营养神经药物甲钴胺,141,149,甲钴胺,Tr,营养神经药物甲钴胺,Tr
539,/Users/floyd/Desktop/Research/NER-CRF/cctner/dataset/annoted/batch1/诊疗经过/诊疗经过-206.txt,颈椎,31,32,,,颈椎,Bo
540,/Users/floyd/Desktop/Research/NER-CRF/cctner/dataset/annoted/batch1/诊疗经过/诊疗经过-206.txt,改善脑血管药物,120,126,改善脑血管药物,Tr,脑血管药物,Tr
541,/Users/floyd/Desktop/Research/NER-CRF/cctner/dataset/annoted/batch1/诊疗经过/诊疗经过-226.txt,注射用骨肽,64,68,注射用骨肽,Tr,用骨肽,Tr
542,/Users/floyd/Desktop/Research/NER-CRF/cctner/dataset/annoted/batch1/诊疗经过/诊疗经过-226.txt,T,201,201,,,T,Ch
543,/Users/floyd/Desktop/Research/NER-CRF/cctner/dataset/annoted/batch1/诊疗经过/诊疗经过-226.txt,C3/4、C4/5、C5/6、C6/7椎间盘,216,237,椎间盘,Bo,C3/4、C4/5、C5/6、C6/7椎间盘,Bo
544,/Users/floyd/Desktop/Research/NER-CRF/cctner/dataset/annoted/batch1/诊疗经过/诊疗经过-226.txt,C6/7相对应脊髓,243,251,脊髓,Bo,C6/7相对应脊髓,Bo
545,/Users/floyd/Desktop/Research/NER-CRF/cctner/dataset/annoted/batch1/诊疗经过/诊疗经过-226.txt,椎间管,263,265,椎间管,Bo,,
546,/Users/floyd/Desktop/Research/NER-CRF/cctner/dataset/annoted/batch1/诊疗经过/诊疗经过-226.txt,C3-7椎间盘,272,278,,,C3-7椎间盘,Bo
547,/Users/floyd/Desktop/Research/NER-CRF/cctner/dataset/annoted/batch1/诊疗经过/诊疗经过-226.txt,C6/7髓性病变,282,289,,,C6/7髓性病变,Si
548,/Users/floyd/Desktop/Research/NER-CRF/cctner/dataset/annoted/batch1/诊疗经过/诊疗经过-226.txt,椎管,291,292,椎管,Bo,,
549,/Users/floyd/Desktop/Research/NER-CRF/cctner/dataset/annoted/batch1/诊疗经过/诊疗经过-226.txt,双下肢无力,305,309,双下肢,Bo,双下肢无力,Bo
550,/Users/floyd/Desktop/Research/NER-CRF/cctner/dataset/annoted/batch1/诊疗经过/诊疗经过-226.txt,麻木,311,312,,,麻木,Sy
551,/Users/floyd/Desktop/Research/NER-CRF/cctner/dataset/annoted/batch1/诊疗经过/诊疗经过-226.txt,颈椎间盘,318,321,颈椎间,Bo,颈椎间盘,Bo
552,/Users/floyd/Desktop/Research/NER-CRF/cctner/dataset/annoted/batch1/诊疗经过/诊疗经过-226.txt,C6/7髓性病,325,331,,,C6/7髓性病,Bo
553,/Users/floyd/Desktop/Research/NER-CRF/cctner/dataset/annoted/batch1/诊疗经过/诊疗经过-230.txt,甲钴胺,87,89,甲钴胺,Tr,甲钴胺,Ch
554,/Users/floyd/Desktop/Research/NER-CRF/cctner/dataset/annoted/batch1/诊疗经过/诊疗经过-230.txt,麻木,157,158,,,麻木,Sy
555,/Users/floyd/Desktop/Research/NER-CRF/cctner/dataset/annoted/batch1/诊疗经过/诊疗经过-239.txt,心肌,110,111,心肌,Bo,,
556,/Users/floyd/Desktop/Research/NER-CRF/cctner/dataset/annoted/batch1/诊疗经过/诊疗经过-24.txt,空腹葡萄糖,44,48,葡萄糖,Ch,空腹葡萄糖,Ch
557,/Users/floyd/Desktop/Research/NER-CRF/cctner/dataset/annoted/batch1/诊疗经过/诊疗经过-24.txt,右侧输尿管置管术,82,89,右侧输尿管,Bo,右侧输尿管置管术,Tr
558,/Users/floyd/Desktop/Research/NER-CRF/cctner/dataset/annoted/batch1/诊疗经过/诊疗经过-254.txt,脑膜瘤,92,94,脑膜瘤,Si,,
559,/Users/floyd/Desktop/Research/NER-CRF/cctner/dataset/annoted/batch1/诊疗经过/诊疗经过-254.txt,糖尿病,126,128,糖尿病,Si,,
560,/Users/floyd/Desktop/Research/NER-CRF/cctner/dataset/annoted/batch1/诊疗经过/诊疗经过-254.txt,脑膜瘤,139,141,,,脑膜瘤,Bo
561,/Users/floyd/Desktop/Research/NER-CRF/cctner/dataset/annoted/batch1/诊疗经过/诊疗经过-254.txt,阿卡波糖降糖,170,175,阿卡波糖,Tr,阿卡波糖降糖,Tr
562,/Users/floyd/Desktop/Research/NER-CRF/cctner/dataset/annoted/batch1/诊疗经过/诊疗经过-256.txt,高血压,39,41,,,高血压,Si
563,/Users/floyd/Desktop/Research/NER-CRF/cctner/dataset/annoted/batch1/诊疗经过/诊疗经过-257.txt,血、尿常规,10,14,尿常规,Ch,血、尿常规,Ch
564,/Users/floyd/Desktop/Research/NER-CRF/cctner/dataset/annoted/batch1/诊疗经过/诊疗经过-257.txt,抗炎,91,92,,,抗炎,Tr
565,/Users/floyd/Desktop/Research/NER-CRF/cctner/dataset/annoted/batch1/诊疗经过/诊疗经过-257.txt,大活络丹,115,118,大活络丹,Tr,,
566,/Users/floyd/Desktop/Research/NER-CRF/cctner/dataset/annoted/batch1/诊疗经过/诊疗经过-257.txt,腰痛宁,127,129,腰痛宁,Tr,腰痛宁,Ch
567,/Users/floyd/Desktop/Research/NER-CRF/cctner/dataset/annoted/batch1/诊疗经过/诊疗经过-262.txt,肺心病,42,44,,,肺心病,Si
568,/Users/floyd/Desktop/Research/NER-CRF/cctner/dataset/annoted/batch1/诊疗经过/诊疗经过-262.txt,心电图,48,50,,,心电图,Ch
569,/Users/floyd/Desktop/Research/NER-CRF/cctner/dataset/annoted/batch1/诊疗经过/诊疗经过-262.txt,肺,136,136,肺,Bo,,
570,/Users/floyd/Desktop/Research/NER-CRF/cctner/dataset/annoted/batch1/诊疗经过/诊疗经过-262.txt,心脏,151,152,,,心脏,Bo
571,/Users/floyd/Desktop/Research/NER-CRF/cctner/dataset/annoted/batch1/诊疗经过/诊疗经过-262.txt,心,154,154,,,心,Bo
572,/Users/floyd/Desktop/Research/NER-CRF/cctner/dataset/annoted/batch1/诊疗经过/诊疗经过-262.txt,肺,155,155,,,肺,Bo
573,/Users/floyd/Desktop/Research/NER-CRF/cctner/dataset/annoted/batch1/诊疗经过/诊疗经过-262.txt,支气管,164,166,支气管,Bo,,
574,/Users/floyd/Desktop/Research/NER-CRF/cctner/dataset/annoted/batch1/诊疗经过/诊疗经过-262.txt,抗感染、止咳化痰、舒张气道等药物,185,200,抗感染、止咳化痰、舒张气道等药物,Tr,舒张气道,Tr
575,/Users/floyd/Desktop/Research/NER-CRF/cctner/dataset/annoted/batch1/诊疗经过/诊疗经过-263.txt,血尿常规,40,43,血尿常规,Ch,,
576,/Users/floyd/Desktop/Research/NER-CRF/cctner/dataset/annoted/batch1/诊疗经过/诊疗经过-263.txt,生化,47,48,生化,Ch,,
577,/Users/floyd/Desktop/Research/NER-CRF/cctner/dataset/annoted/batch1/诊疗经过/诊疗经过-267.txt,查体,11,12,查体,Ch,,
578,/Users/floyd/Desktop/Research/NER-CRF/cctner/dataset/annoted/batch1/诊疗经过/诊疗经过-267.txt,抗炎、营养脑神经等药物,34,44,抗炎、营养脑神经,Tr,抗炎、营养脑神经等药物,Tr
579,/Users/floyd/Desktop/Research/NER-CRF/cctner/dataset/annoted/batch1/诊疗经过/诊疗经过-268.txt,会阴,40,41,会阴,Bo,,
580,/Users/floyd/Desktop/Research/NER-CRF/cctner/dataset/annoted/batch1/诊疗经过/诊疗经过-268.txt,阿氏评分,62,65,阿氏评分,Ch,,
581,/Users/floyd/Desktop/Research/NER-CRF/cctner/dataset/annoted/batch1/诊疗经过/诊疗经过-268.txt,会阴侧切口,103,107,会阴,Bo,会阴侧切口,Bo
582,/Users/floyd/Desktop/Research/NER-CRF/cctner/dataset/annoted/batch1/诊疗经过/诊疗经过-268.txt,子宫收缩好阴道,129,135,子宫,Bo,子宫收缩好阴道,Tr
583,/Users/floyd/Desktop/Research/NER-CRF/cctner/dataset/annoted/batch1/诊疗经过/诊疗经过-268.txt,子宫收缩好阴道,129,135,阴道,Bo,子宫收缩好阴道,Tr
584,/Users/floyd/Desktop/Research/NER-CRF/cctner/dataset/annoted/batch1/诊疗经过/诊疗经过-268.txt,药物,152,153,药物,Tr,,
585,/Users/floyd/Desktop/Research/NER-CRF/cctner/dataset/annoted/batch1/诊疗经过/诊疗经过-269.txt,心肺腹,169,171,心肺腹,Bo,心,Bo
586,/Users/floyd/Desktop/Research/NER-CRF/cctner/dataset/annoted/batch1/诊疗经过/诊疗经过-269.txt,心肺腹,169,171,心肺腹,Bo,肺,Bo
587,/Users/floyd/Desktop/Research/NER-CRF/cctner/dataset/annoted/batch1/诊疗经过/诊疗经过-269.txt,心肺腹,169,171,心肺腹,Bo,腹,Bo
588,/Users/floyd/Desktop/Research/NER-CRF/cctner/dataset/annoted/batch1/诊疗经过/诊疗经过-269.txt,肿胀,226,227,,,肿胀,Sy
589,/Users/floyd/Desktop/Research/NER-CRF/cctner/dataset/annoted/batch1/诊疗经过/诊疗经过-269.txt,触压痛,268,270,压痛,Ch,触压痛,Ch
590,/Users/floyd/Desktop/Research/NER-CRF/cctner/dataset/annoted/batch1/诊疗经过/诊疗经过-269.txt,WBC,283,285,WBC,Ch,,
591,/Users/floyd/Desktop/Research/NER-CRF/cctner/dataset/annoted/batch1/诊疗经过/诊疗经过-269.txt,卵磷脂小体,294,298,卵磷脂,Ch,卵磷脂小体,Ch
592,/Users/floyd/Desktop/Research/NER-CRF/cctner/dataset/annoted/batch1/诊疗经过/诊疗经过-269.txt,慢性前列腺炎,330,335,慢性前列腺炎,Si,,
593,/Users/floyd/Desktop/Research/NER-CRF/cctner/dataset/annoted/batch1/诊疗经过/诊疗经过-269.txt,前列腺慢性炎症,354,360,前列腺慢性炎症,Si,前列腺,Bo
594,/Users/floyd/Desktop/Research/NER-CRF/cctner/dataset/annoted/batch1/诊疗经过/诊疗经过-27.txt,(右)状腺结节性甲状腺肿,86,97,(右)状腺,Bo,状腺结节性甲状腺肿,Si
595,/Users/floyd/Desktop/Research/NER-CRF/cctner/dataset/annoted/batch1/诊疗经过/诊疗经过-27.txt,状腺结节性甲状腺肿,89,97,结节,Sy,状腺结节性甲状腺肿,Si
596,/Users/floyd/Desktop/Research/NER-CRF/cctner/dataset/annoted/batch1/诊疗经过/诊疗经过-27.txt,状腺结节性甲状腺肿,89,97,甲状腺,Bo,状腺结节性甲状腺肿,Si
597,/Users/floyd/Desktop/Research/NER-CRF/cctner/dataset/annoted/batch1/诊疗经过/诊疗经过-27.txt,状腺结节性甲状腺肿,89,97,肿,Sy,状腺结节性甲状腺肿,Si
598,/Users/floyd/Desktop/Research/NER-CRF/cctner/dataset/annoted/batch1/诊疗经过/诊疗经过-278.txt,切口清创缝合术,68,74,切口清创缝合术,Tr,清创缝合术,Tr
599,/Users/floyd/Desktop/Research/NER-CRF/cctner/dataset/annoted/batch1/诊疗经过/诊疗经过-28.txt,化痰、抑酸,92,96,痰,Bo,化痰、抑酸,Tr
600,/Users/floyd/Desktop/Research/NER-CRF/cctner/dataset/annoted/batch1/诊疗经过/诊疗经过-280.txt,头皮,6,7,头皮,Bo,,
601,/Users/floyd/Desktop/Research/NER-CRF/cctner/dataset/annoted/batch1/诊疗经过/诊疗经过-280.txt,软组织,20,22,软组织,Bo,,
602,/Users/floyd/Desktop/Research/NER-CRF/cctner/dataset/annoted/batch1/诊疗经过/诊疗经过-280.txt,对症药物,34,37,对症药物,Tr,,
603,/Users/floyd/Desktop/Research/NER-CRF/cctner/dataset/annoted/batch1/诊疗经过/诊疗经过-291.txt,抗炎、营养脑神经、止疼,24,34,脑神经,Bo,抗炎、营养脑神经、止疼,Tr
604,/Users/floyd/Desktop/Research/NER-CRF/cctner/dataset/annoted/batch1/诊疗经过/诊疗经过-291.txt,健骨,36,37,,,健骨,Sy
605,/Users/floyd/Desktop/Research/NER-CRF/cctner/dataset/annoted/batch1/诊疗经过/诊疗经过-292.txt,心音反应,48,51,心音反应,Si,心音,Ch
606,/Users/floyd/Desktop/Research/NER-CRF/cctner/dataset/annoted/batch1/诊疗经过/诊疗经过-292.txt,混合型高脂血症,120,126,混合型高脂血症,Si,,
607,/Users/floyd/Desktop/Research/NER-CRF/cctner/dataset/annoted/batch1/诊疗经过/诊疗经过-292.txt,脂肪肝,149,151,脂肪肝,Si,,
608,/Users/floyd/Desktop/Research/NER-CRF/cctner/dataset/annoted/batch1/诊疗经过/诊疗经过-292.txt,血压,161,162,,,血压,Ch
609,/Users/floyd/Desktop/Research/NER-CRF/cctner/dataset/annoted/batch1/诊疗经过/诊疗经过-292.txt,甘油三酯高,191,195,,,甘油三酯高,Tr
610,/Users/floyd/Desktop/Research/NER-CRF/cctner/dataset/annoted/batch1/诊疗经过/诊疗经过-292.txt,阿托伐他汀钙片,218,224,阿托伐他汀钙片,Tr,阿托伐他汀,Tr
611,/Users/floyd/Desktop/Research/NER-CRF/cctner/dataset/annoted/batch1/诊疗经过/诊疗经过-3.txt,抗炎、补液,22,26,抗炎,Tr,抗炎、补液,Tr
612,/Users/floyd/Desktop/Research/NER-CRF/cctner/dataset/annoted/batch1/诊疗经过/诊疗经过-32.txt,右侧腹股沟斜疝无张力疝修补,20,32,右侧腹股沟斜疝无张力疝修补,Tr,右侧腹股沟斜疝无张力,Tr
613,/Users/floyd/Desktop/Research/NER-CRF/cctner/dataset/annoted/batch1/诊疗经过/诊疗经过-32.txt,抗炎药,34,36,抗炎药,Tr,,
614,/Users/floyd/Desktop/Research/NER-CRF/cctner/dataset/annoted/batch1/诊疗经过/诊疗经过-37.txt,营养神经药物及修复软组织药物,21,34,营养神经药物及修复软组织药物,Tr,神经药物,Tr
615,/Users/floyd/Desktop/Research/NER-CRF/cctner/dataset/annoted/batch1/诊疗经过/诊疗经过-37.txt,营养神经药物及修复软组织药物,21,34,营养神经药物及修复软组织药物,Tr,修复软组织药物,Tr
616,/Users/floyd/Desktop/Research/NER-CRF/cctner/dataset/annoted/batch1/诊疗经过/诊疗经过-4.txt,左眉弓,52,54,,,左眉弓,Bo
617,/Users/floyd/Desktop/Research/NER-CRF/cctner/dataset/annoted/batch1/诊疗经过/诊疗经过-44.txt,体外冲击波碎石,31,37,体外冲击波碎石,Tr,,
618,/Users/floyd/Desktop/Research/NER-CRF/cctner/dataset/annoted/batch1/诊疗经过/诊疗经过-44.txt,降压,50,51,降压,Tr,,
619,/Users/floyd/Desktop/Research/NER-CRF/cctner/dataset/annoted/batch1/诊疗经过/诊疗经过-44.txt,肾上腺腺瘤,91,95,肾上腺,Bo,肾上腺腺瘤,Si
620,/Users/floyd/Desktop/Research/NER-CRF/cctner/dataset/annoted/batch1/诊疗经过/诊疗经过-5.txt,抗炎,85,86,抗炎,Tr,,
621,/Users/floyd/Desktop/Research/NER-CRF/cctner/dataset/annoted/batch1/诊疗经过/诊疗经过-5.txt,抗凝,88,89,抗凝,Tr,,
622,/Users/floyd/Desktop/Research/NER-CRF/cctner/dataset/annoted/batch1/诊疗经过/诊疗经过-50.txt,尿道膀胱结石碎石取石术,37,47,尿道膀胱结石碎石取石术,Tr,尿道,Bo
623,/Users/floyd/Desktop/Research/NER-CRF/cctner/dataset/annoted/batch1/诊疗经过/诊疗经过-50.txt,尿道膀胱结石碎石取石术,37,47,尿道膀胱结石碎石取石术,Tr,膀胱结石碎石取石术,Tr
624,/Users/floyd/Desktop/Research/NER-CRF/cctner/dataset/annoted/batch1/诊疗经过/诊疗经过-54.txt,右肾囊肿,34,37,右肾,Bo,右肾囊肿,Si
625,/Users/floyd/Desktop/Research/NER-CRF/cctner/dataset/annoted/batch1/诊疗经过/诊疗经过-54.txt,抗生素、降糖、治疗冠心病等药物,68,82,抗生素、降糖、治疗冠心病等药物,Tr,抗生素、降糖,Tr
626,/Users/floyd/Desktop/Research/NER-CRF/cctner/dataset/annoted/batch1/诊疗经过/诊疗经过-54.txt,抗生素、降糖、治疗冠心病等药物,68,82,抗生素、降糖、治疗冠心病等药物,Tr,冠心病,Si
627,/Users/floyd/Desktop/Research/NER-CRF/cctner/dataset/annoted/batch1/诊疗经过/诊疗经过-59.txt,膀胱镜检查,14,18,膀胱镜,Ch,膀胱镜检查,Ch
628,/Users/floyd/Desktop/Research/NER-CRF/cctner/dataset/annoted/batch1/诊疗经过/诊疗经过-59.txt,右侧输尿管口,20,25,,,右侧输尿管口,Bo
629,/Users/floyd/Desktop/Research/NER-CRF/cctner/dataset/annoted/batch1/诊疗经过/诊疗经过-59.txt,灭菌用水,48,51,灭菌用水,Tr,,
630,/Users/floyd/Desktop/Research/NER-CRF/cctner/dataset/annoted/batch1/诊疗经过/诊疗经过-6.txt,胃酸,30,31,,,胃酸,Sy
631,/Users/floyd/Desktop/Research/NER-CRF/cctner/dataset/annoted/batch1/诊疗经过/诊疗经过-6.txt,石蜡油胃管,50,54,石蜡油,Tr,石蜡油胃管,Tr
632,/Users/floyd/Desktop/Research/NER-CRF/cctner/dataset/annoted/batch1/诊疗经过/诊疗经过-6.txt,石蜡油胃管,50,54,胃管,Bo,石蜡油胃管,Tr
633,/Users/floyd/Desktop/Research/NER-CRF/cctner/dataset/annoted/batch1/诊疗经过/诊疗经过-61.txt,肋骨CT@三维重建,33,41,肋骨CT 三维重建,Ch,肋骨CT,Ch
634,/Users/floyd/Desktop/Research/NER-CRF/cctner/dataset/annoted/batch1/诊疗经过/诊疗经过-61.txt,胸椎核磁检查,52,57,胸椎核磁,Ch,胸椎核磁检查,Ch
635,/Users/floyd/Desktop/Research/NER-CRF/cctner/dataset/annoted/batch1/诊疗经过/诊疗经过-61.txt,T,59,59,,,T,Ch
636,/Users/floyd/Desktop/Research/NER-CRF/cctner/dataset/annoted/batch1/诊疗经过/诊疗经过-61.txt,"T8,12椎体",83,89,,,"T8,12椎体",Ch
637,/Users/floyd/Desktop/Research/NER-CRF/cctner/dataset/annoted/batch1/诊疗经过/诊疗经过-61.txt,局灶性血管脂肪瘤,101,108,局灶性血管脂肪瘤,Si,,
638,/Users/floyd/Desktop/Research/NER-CRF/cctner/dataset/annoted/batch1/诊疗经过/诊疗经过-61.txt,T8-11椎体许莫氏结节,112,123,结节,Sy,T8-11椎体许莫氏结节,Ch
639,/Users/floyd/Desktop/Research/NER-CRF/cctner/dataset/annoted/batch1/诊疗经过/诊疗经过-61.txt,T,126,126,,,T,Ch
640,/Users/floyd/Desktop/Research/NER-CRF/cctner/dataset/annoted/batch1/诊疗经过/诊疗经过-62.txt,营养脑细胞及修复软组织药物,22,34,营养脑细胞及修复软组织药物,Tr,脑细胞及修复软组织药物,Tr
641,/Users/floyd/Desktop/Research/NER-CRF/cctner/dataset/annoted/batch1/诊疗经过/诊疗经过-71.txt,前列腺增生,54,58,前列腺增生,Si,,
642,/Users/floyd/Desktop/Research/NER-CRF/cctner/dataset/annoted/batch1/诊疗经过/诊疗经过-71.txt,精神分裂症,108,112,精神分裂症,Si,,
643,/Users/floyd/Desktop/Research/NER-CRF/cctner/dataset/annoted/batch1/诊疗经过/诊疗经过-84.txt,硬膜外,34,36,硬膜外,Bo,,
644,/Users/floyd/Desktop/Research/NER-CRF/cctner/dataset/annoted/batch1/诊疗经过/诊疗经过-85.txt,硬膜外,125,127,硬膜外,Bo,,
645,/Users/floyd/Desktop/Research/NER-CRF/cctner/dataset/annoted/batch1/诊疗经过/诊疗经过-85.txt,生理盐水,165,168,生理盐水,Tr,,
646,/Users/floyd/Desktop/Research/NER-CRF/cctner/dataset/annoted/batch1/诊疗经过/诊疗经过-85.txt,阑尾慢性炎,204,208,阑尾慢性炎,Si,阑尾,Bo
647,/Users/floyd/Desktop/Research/NER-CRF/cctner/dataset/annoted/batch1/诊疗经过/诊疗经过-85.txt,急性化脓性炎,210,215,急性化脓性炎,Si,,
648,/Users/floyd/Desktop/Research/NER-CRF/cctner/dataset/annoted/batch1/诊疗经过/诊疗经过-93.txt,活血化瘀等药物,35,41,活血化瘀,Tr,活血化瘀等药物,Tr
649,/Users/floyd/Desktop/Research/NER-CRF/cctner/dataset/annoted/batch1/诊疗经过/诊疗经过-99.txt,抗炎、营养脑神经,24,31,脑神经,Bo,抗炎、营养脑神经,Tr
650,/Users/floyd/Desktop/Research/NER-CRF/cctner/dataset/annoted/batch1/出院情况/出院情况-109.txt,对称,64,65,对称,Sy,,
651,/Users/floyd/Desktop/Research/NER-CRF/cctner/dataset/annoted/batch1/出院情况/出院情况-110.txt,侧附睾,82,84,侧附睾,Bo,,
652,/Users/floyd/Desktop/Research/NER-CRF/cctner/dataset/annoted/batch1/出院情况/出院情况-116.txt,皮肤,71,72,皮肤,Bo,,
653,/Users/floyd/Desktop/Research/NER-CRF/cctner/dataset/annoted/batch1/出院情况/出院情况-118.txt,双扁桃体,89,92,扁桃体,Bo,双扁桃体,Bo
654,/Users/floyd/Desktop/Research/NER-CRF/cctner/dataset/annoted/batch1/出院情况/出院情况-118.txt,脓苔,100,101,,,脓苔,Sy
655,/Users/floyd/Desktop/Research/NER-CRF/cctner/dataset/annoted/batch1/出院情况/出院情况-118.txt,舌体左侧溃疡,103,108,舌体,Bo,舌体左侧溃疡,Bo
656,/Users/floyd/Desktop/Research/NER-CRF/cctner/dataset/annoted/batch1/出院情况/出院情况-118.txt,舌体左侧溃疡,103,108,溃疡,Sy,舌体左侧溃疡,Bo
657,/Users/floyd/Desktop/Research/NER-CRF/cctner/dataset/annoted/batch1/出院情况/出院情况-118.txt,双肺,114,115,,,双肺,Bo
658,/Users/floyd/Desktop/Research/NER-CRF/cctner/dataset/annoted/batch1/出院情况/出院情况-118.txt,叩诊清音,116,119,清音,Ch,叩诊清音,Ch
659,/Users/floyd/Desktop/Research/NER-CRF/cctner/dataset/annoted/batch1/出院情况/出院情况-120.txt,双扁桃体,92,95,双扁桃体,Bo,扁桃体,Bo
660,/Users/floyd/Desktop/Research/NER-CRF/cctner/dataset/annoted/batch1/出院情况/出院情况-120.txt,双肺,119,120,,,双肺,Bo
661,/Users/floyd/Desktop/Research/NER-CRF/cctner/dataset/annoted/batch1/出院情况/出院情况-120.txt,淋巴细胞百分比,358,364,淋巴细胞,Ch,淋巴细胞百分比,Ch
662,/Users/floyd/Desktop/Research/NER-CRF/cctner/dataset/annoted/batch1/出院情况/出院情况-120.txt,淋巴细胞绝对值,372,378,淋巴细胞,Ch,淋巴细胞绝对值,Ch
663,/Users/floyd/Desktop/Research/NER-CRF/cctner/dataset/annoted/batch1/出院情况/出院情况-13.txt,胸肺腹查体,48,52,胸肺腹,Bo,胸肺腹查体,Ch
664,/Users/floyd/Desktop/Research/NER-CRF/cctner/dataset/annoted/batch1/出院情况/出院情况-13.txt,胸肺腹查体,48,52,查体,Ch,胸肺腹查体,Ch
665,/Users/floyd/Desktop/Research/NER-CRF/cctner/dataset/annoted/batch1/出院情况/出院情况-13.txt,挤压试验,73,76,挤压试验,Ch,,
666,/Users/floyd/Desktop/Research/NER-CRF/cctner/dataset/annoted/batch1/出院情况/出院情况-13.txt,尺骨支,90,92,尺骨支,Bo,尺骨,Bo
667,/Users/floyd/Desktop/Research/NER-CRF/cctner/dataset/annoted/batch1/出院情况/出院情况-13.txt,坐骨支骨折,94,98,坐骨支,Bo,坐骨支骨折,Bo
668,/Users/floyd/Desktop/Research/NER-CRF/cctner/dataset/annoted/batch1/出院情况/出院情况-13.txt,坐骨支骨折,94,98,骨折,Sy,坐骨支骨折,Bo
669,/Users/floyd/Desktop/Research/NER-CRF/cctner/dataset/annoted/batch1/出院情况/出院情况-130.txt,双肺,114,115,,,双肺,Bo
670,/Users/floyd/Desktop/Research/NER-CRF/cctner/dataset/annoted/batch1/出院情况/出院情况-131.txt,酮体-,301,303,酮体-,Ch,,
671,/Users/floyd/Desktop/Research/NER-CRF/cctner/dataset/annoted/batch1/出院情况/出院情况-131.txt,潜血-,305,307,潜血-,Ch,潜血,Ch
672,/Users/floyd/Desktop/Research/NER-CRF/cctner/dataset/annoted/batch1/出院情况/出院情况-131.txt,亚硝酸盐-,309,313,亚硝酸盐-,Ch,亚硝酸盐,Tr
673,/Users/floyd/Desktop/Research/NER-CRF/cctner/dataset/annoted/batch1/出院情况/出院情况-131.txt,白细胞-,315,318,白细胞-,Ch,白细胞,Ch
674,/Users/floyd/Desktop/Research/NER-CRF/cctner/dataset/annoted/batch1/出院情况/出院情况-152.txt,干、湿性啰音,145,150,湿性啰音,Ch,干、湿性啰音,Ch
675,/Users/floyd/Desktop/Research/NER-CRF/cctner/dataset/annoted/batch1/出院情况/出院情况-16.txt,全腹,83,84,全腹,Bo,腹,Bo
676,/Users/floyd/Desktop/Research/NER-CRF/cctner/dataset/annoted/batch1/出院情况/出院情况-160.txt,脓苔,103,104,,,脓苔,Sy
677,/Users/floyd/Desktop/Research/NER-CRF/cctner/dataset/annoted/batch1/出院情况/出院情况-162.txt,咳痰,12,13,痰,Bo,咳痰,Sy
678,/Users/floyd/Desktop/Research/NER-CRF/cctner/dataset/annoted/batch1/出院情况/出院情况-162.txt,两下肺肺纹理,411,416,两下肺肺纹理,Bo,肺肺纹理,Bo
679,/Users/floyd/Desktop/Research/NER-CRF/cctner/dataset/annoted/batch1/出院情况/出院情况-162.txt,支气管肺炎,434,438,支气管,Bo,支气管肺炎,Si
680,/Users/floyd/Desktop/Research/NER-CRF/cctner/dataset/annoted/batch1/出院情况/出院情况-165.txt,咽,82,82,咽,Bo,,
681,/Users/floyd/Desktop/Research/NER-CRF/cctner/dataset/annoted/batch1/出院情况/出院情况-172.txt,左侧左侧面颊部,8,14,面颊部,Bo,左侧左侧面颊部,Bo
682,/Users/floyd/Desktop/Research/NER-CRF/cctner/dataset/annoted/batch1/出院情况/出院情况-172.txt,双侧舌下淋巴结,75,81,双侧舌下淋巴结,Bo,淋巴结,Bo
683,/Users/floyd/Desktop/Research/NER-CRF/cctner/dataset/annoted/batch1/出院情况/出院情况-172.txt,左上乳中切牙表面,102,109,左上乳中切牙,Bo,左上乳中切牙表面,Bo
684,/Users/floyd/Desktop/Research/NER-CRF/cctner/dataset/annoted/batch1/出院情况/出院情况-172.txt,咽,133,133,咽,Bo,,
685,/Users/floyd/Desktop/Research/NER-CRF/cctner/dataset/annoted/batch1/出院情况/出院情况-172.txt,叩诊清音,148,151,清音,Ch,叩诊清音,Ch
686,/Users/floyd/Desktop/Research/NER-CRF/cctner/dataset/annoted/batch1/出院情况/出院情况-179.txt,咳痰,15,16,痰,Bo,咳痰,Sy
687,/Users/floyd/Desktop/Research/NER-CRF/cctner/dataset/annoted/batch1/出院情况/出院情况-179.txt,双扁桃体,94,97,扁桃体,Bo,双扁桃体,Bo
688,/Users/floyd/Desktop/Research/NER-CRF/cctner/dataset/annoted/batch1/出院情况/出院情况-179.txt,痰鸣音,140,142,痰鸣音,Sy,痰鸣音,Ch
689,/Users/floyd/Desktop/Research/NER-CRF/cctner/dataset/annoted/batch1/出院情况/出院情况-179.txt,右下肺,258,260,右下肺,Bo,肺,Bo
690,/Users/floyd/Desktop/Research/NER-CRF/cctner/dataset/annoted/batch1/出院情况/出院情况-184.txt,口腔黏膜,71,74,,,口腔黏膜,Bo
691,/Users/floyd/Desktop/Research/NER-CRF/cctner/dataset/annoted/batch1/出院情况/出院情况-184.txt,双扁桃体,91,94,扁桃体,Bo,双扁桃体,Bo
692,/Users/floyd/Desktop/Research/NER-CRF/cctner/dataset/annoted/batch1/出院情况/出院情况-186.txt,麻木无力,4,7,麻木,Sy,麻木无力,Sy
693,/Users/floyd/Desktop/Research/NER-CRF/cctner/dataset/annoted/batch1/出院情况/出院情况-186.txt,麻木无力,4,7,无力,Sy,麻木无力,Sy
694,/Users/floyd/Desktop/Research/NER-CRF/cctner/dataset/annoted/batch1/出院情况/出院情况-189.txt,咳痰,14,15,痰,Bo,咳痰,Sy
695,/Users/floyd/Desktop/Research/NER-CRF/cctner/dataset/annoted/batch1/出院情况/出院情况-194.txt,寒战,58,59,,,寒战,Sy
696,/Users/floyd/Desktop/Research/NER-CRF/cctner/dataset/annoted/batch1/出院情况/出院情况-194.txt,抽搐,61,62,,,抽搐,Sy
697,/Users/floyd/Desktop/Research/NER-CRF/cctner/dataset/annoted/batch1/出院情况/出院情况-194.txt,心界,113,114,,,心界,Bo
698,/Users/floyd/Desktop/Research/NER-CRF/cctner/dataset/annoted/batch1/出院情况/出院情况-194.txt,心音,135,136,,,心音,Ch
699,/Users/floyd/Desktop/Research/NER-CRF/cctner/dataset/annoted/batch1/出院情况/出院情况-194.txt,各瓣膜,142,144,瓣膜,Bo,各瓣膜,Bo
700,/Users/floyd/Desktop/Research/NER-CRF/cctner/dataset/annoted/batch1/出院情况/出院情况-198.txt,各瓣膜,100,102,瓣膜,Bo,各瓣膜,Bo
701,/Users/floyd/Desktop/Research/NER-CRF/cctner/dataset/annoted/batch1/出院情况/出院情况-201.txt,心,30,30,,,心,Bo
702,/Users/floyd/Desktop/Research/NER-CRF/cctner/dataset/annoted/batch1/出院情况/出院情况-201.txt,肺,31,31,,,肺,Bo
703,/Users/floyd/Desktop/Research/NER-CRF/cctner/dataset/annoted/batch1/出院情况/出院情况-201.txt,腹,32,32,,,腹,Bo
704,/Users/floyd/Desktop/Research/NER-CRF/cctner/dataset/annoted/batch1/出院情况/出院情况-211.txt,改善脑血管及调整血压变化药物,42,55,改善脑血管及调整血压变化药物,Tr,脑血管,Bo
705,/Users/floyd/Desktop/Research/NER-CRF/cctner/dataset/annoted/batch1/出院情况/出院情况-211.txt,改善脑血管及调整血压变化药物,42,55,改善脑血管及调整血压变化药物,Tr,血压,Bo
706,/Users/floyd/Desktop/Research/NER-CRF/cctner/dataset/annoted/batch1/出院情况/出院情况-213.txt,颈肩部,11,13,颈,Bo,颈肩部,Bo
707,/Users/floyd/Desktop/Research/NER-CRF/cctner/dataset/annoted/batch1/出院情况/出院情况-213.txt,颈肩部,11,13,肩部,Bo,颈肩部,Bo
708,/Users/floyd/Desktop/Research/NER-CRF/cctner/dataset/annoted/batch1/出院情况/出院情况-213.txt,颈肩部,37,39,颈,Bo,颈肩部,Bo
709,/Users/floyd/Desktop/Research/NER-CRF/cctner/dataset/annoted/batch1/出院情况/出院情况-213.txt,颈肩部,37,39,肩部,Bo,颈肩部,Bo
710,/Users/floyd/Desktop/Research/NER-CRF/cctner/dataset/annoted/batch1/出院情况/出院情况-213.txt,臂丛神经牵拉试验,83,90,牵拉试验,Ch,臂丛神经牵拉,Bo
711,/Users/floyd/Desktop/Research/NER-CRF/cctner/dataset/annoted/batch1/出院情况/出院情况-214.txt,酸麻,17,18,酸麻,Sy,,
712,/Users/floyd/Desktop/Research/NER-CRF/cctner/dataset/annoted/batch1/出院情况/出院情况-214.txt,酸麻,41,42,酸麻,Sy,,
713,/Users/floyd/Desktop/Research/NER-CRF/cctner/dataset/annoted/batch1/出院情况/出院情况-228.txt,肌力,58,59,,,肌力,Ch
714,/Users/floyd/Desktop/Research/NER-CRF/cctner/dataset/annoted/batch1/出院情况/出院情况-228.txt,肌张力,60,62,,,肌张力,Ch
715,/Users/floyd/Desktop/Research/NER-CRF/cctner/dataset/annoted/batch1/出院情况/出院情况-229.txt,改善脑血管药物,61,67,改善脑血管药物,Tr,脑血管,Bo
716,/Users/floyd/Desktop/Research/NER-CRF/cctner/dataset/annoted/batch1/出院情况/出院情况-230.txt,臂丛神经牵拉,106,111,臂丛神经,Bo,臂丛神经牵拉,Bo
717,/Users/floyd/Desktop/Research/NER-CRF/cctner/dataset/annoted/batch1/出院情况/出院情况-230.txt,臂丛神经牵拉试验,106,113,牵拉试验,Ch,臂丛神经牵拉,Bo
718,/Users/floyd/Desktop/Research/NER-CRF/cctner/dataset/annoted/batch1/出院情况/出院情况-238.txt,颈腰部,19,21,颈,Bo,颈腰部,Bo
719,/Users/floyd/Desktop/Research/NER-CRF/cctner/dataset/annoted/batch1/出院情况/出院情况-238.txt,颈腰部,19,21,腰部,Bo,颈腰部,Bo
720,/Users/floyd/Desktop/Research/NER-CRF/cctner/dataset/annoted/batch1/出院情况/出院情况-238.txt,颈腰椎,51,53,颈,Bo,颈腰椎,Bo
721,/Users/floyd/Desktop/Research/NER-CRF/cctner/dataset/annoted/batch1/出院情况/出院情况-238.txt,颈腰椎,51,53,腰椎,Bo,颈腰椎,Bo
722,/Users/floyd/Desktop/Research/NER-CRF/cctner/dataset/annoted/batch1/出院情况/出院情况-250.txt,头,20,20,头,Bo,,
723,/Users/floyd/Desktop/Research/NER-CRF/cctner/dataset/annoted/batch1/出院情况/出院情况-256.txt,心,65,65,心,Bo,,
724,/Users/floyd/Desktop/Research/NER-CRF/cctner/dataset/annoted/batch1/出院情况/出院情况-256.txt,双侧跟膝腱反射,132,138,双侧跟膝腱反射,Ch,双侧跟膝腱,Bo
725,/Users/floyd/Desktop/Research/NER-CRF/cctner/dataset/annoted/batch1/出院情况/出院情况-256.txt,克氏症,147,149,克氏症,Ch,,
726,/Users/floyd/Desktop/Research/NER-CRF/cctner/dataset/annoted/batch1/出院情况/出院情况-256.txt,双侧巴氏症,151,155,双侧巴氏症,Ch,双侧巴氏,Bo
727,/Users/floyd/Desktop/Research/NER-CRF/cctner/dataset/annoted/batch1/出院情况/出院情况-257.txt,直腿抬高试验,138,143,直腿抬高试验,Ch,直腿,Bo
728,/Users/floyd/Desktop/Research/NER-CRF/cctner/dataset/annoted/batch1/出院情况/出院情况-259.txt,额纹,93,94,,,额纹,Bo
729,/Users/floyd/Desktop/Research/NER-CRF/cctner/dataset/annoted/batch1/出院情况/出院情况-259.txt,对称,95,96,对称,Sy,,
730,/Users/floyd/Desktop/Research/NER-CRF/cctner/dataset/annoted/batch1/出院情况/出院情况-259.txt,"双侧肱二,三头@肌腱",135,144,"双侧肱二,三头 肌腱",Bo,"双侧肱二,三头肌腱",Bo
731,/Users/floyd/Desktop/Research/NER-CRF/cctner/dataset/annoted/batch1/出院情况/出院情况-259.txt,对称,154,155,对称,Sy,,
732,/Users/floyd/Desktop/Research/NER-CRF/cctner/dataset/annoted/batch1/出院情况/出院情况-263.txt,左侧耳屏,45,48,左侧耳,Bo,左侧耳屏,Bo
733,/Users/floyd/Desktop/Research/NER-CRF/cctner/dataset/annoted/batch1/出院情况/出院情况-276.txt,头痛,43,44,头,Bo,头痛,Sy
734,/Users/floyd/Desktop/Research/NER-CRF/cctner/dataset/annoted/batch1/出院情况/出院情况-276.txt,头晕,45,46,头,Bo,头晕,Sy
735,/Users/floyd/Desktop/Research/NER-CRF/cctner/dataset/annoted/batch1/出院情况/出院情况-276.txt,腹泻,57,58,腹,Bo,腹泻,Sy
736,/Users/floyd/Desktop/Research/NER-CRF/cctner/dataset/annoted/batch1/出院情况/出院情况-276.txt,查体,71,72,,,查体,Ch
737,/Users/floyd/Desktop/Research/NER-CRF/cctner/dataset/annoted/batch1/出院情况/出院情况-276.txt,裂开,148,149,,,裂开,Sy
738,/Users/floyd/Desktop/Research/NER-CRF/cctner/dataset/annoted/batch1/出院情况/出院情况-276.txt,足背部皮肤,162,166,足背部,Bo,足背部皮肤,Bo
739,/Users/floyd/Desktop/Research/NER-CRF/cctner/dataset/annoted/batch1/出院情况/出院情况-276.txt,直腿抬高试验,175,180,腿,Bo,直腿抬高试验,Ch
740,/Users/floyd/Desktop/Research/NER-CRF/cctner/dataset/annoted/batch1/出院情况/出院情况-276.txt,直腿抬高实验,188,193,腿,Bo,直腿抬高实验,Ch
741,/Users/floyd/Desktop/Research/NER-CRF/cctner/dataset/annoted/batch1/出院情况/出院情况-276.txt,肌力,214,215,肌,Bo,肌力,Ch
742,/Users/floyd/Desktop/Research/NER-CRF/cctner/dataset/annoted/batch1/出院情况/出院情况-276.txt,肌张力,219,221,肌,Bo,肌张力,Ch
743,/Users/floyd/Desktop/Research/NER-CRF/cctner/dataset/annoted/batch1/出院情况/出院情况-276.txt,足背伸力,225,228,足背伸力,Ch,足背,Bo
744,/Users/floyd/Desktop/Research/NER-CRF/cctner/dataset/annoted/batch1/出院情况/出院情况-276.txt,末梢血,240,242,末梢,Bo,末梢血,Bo
745,/Users/floyd/Desktop/Research/NER-CRF/cctner/dataset/annoted/batch1/出院情况/出院情况-277.txt,肌紧张,62,64,肌,Bo,肌紧张,Ch
746,/Users/floyd/Desktop/Research/NER-CRF/cctner/dataset/annoted/batch1/出院情况/出院情况-277.txt,阑尾炎,120,122,阑尾炎,Si,,
747,/Users/floyd/Desktop/Research/NER-CRF/cctner/dataset/annoted/batch1/出院情况/出院情况-285.txt,查体,37,38,,,查体,Ch
748,/Users/floyd/Desktop/Research/NER-CRF/cctner/dataset/annoted/batch1/出院情况/出院情况-285.txt,皮肤、粘膜,42,46,皮肤,Bo,皮肤、粘膜,Bo
749,/Users/floyd/Desktop/Research/NER-CRF/cctner/dataset/annoted/batch1/出院情况/出院情况-285.txt,皮肤、粘膜,42,46,粘膜,Bo,皮肤、粘膜,Bo
750,/Users/floyd/Desktop/Research/NER-CRF/cctner/dataset/annoted/batch1/出院情况/出院情况-285.txt,对光反应,112,115,对光反应,Ch,,
751,/Users/floyd/Desktop/Research/NER-CRF/cctner/dataset/annoted/batch1/出院情况/出院情况-285.txt,心,119,119,心,Bo,,
752,/Users/floyd/Desktop/Research/NER-CRF/cctner/dataset/annoted/batch1/出院情况/出院情况-285.txt,肺,120,120,肺,Bo,,
753,/Users/floyd/Desktop/Research/NER-CRF/cctner/dataset/annoted/batch1/出院情况/出院情况-285.txt,肛门外生殖,179,183,肛门,Bo,肛门外生殖,Bo
754,/Users/floyd/Desktop/Research/NER-CRF/cctner/dataset/annoted/batch1/出院情况/出院情况-285.txt,跟膝腱反射,211,215,跟膝腱反射,Ch,跟膝腱,Bo
755,/Users/floyd/Desktop/Research/NER-CRF/cctner/dataset/annoted/batch1/出院情况/出院情况-285.txt,病理反射征,224,228,病理反射征,Ch,病理反射,Ch
756,/Users/floyd/Desktop/Research/NER-CRF/cctner/dataset/annoted/batch1/出院情况/出院情况-287.txt,胸部,73,74,胸部,Bo,胸,Bo
757,/Users/floyd/Desktop/Research/NER-CRF/cctner/dataset/annoted/batch1/出院情况/出院情况-287.txt,神经系统检查,117,122,,,神经系统检查,Ch
758,/Users/floyd/Desktop/Research/NER-CRF/cctner/dataset/annoted/batch1/出院情况/出院情况-287.txt,"双侧肱二,三头@肌腱",142,151,"双侧肱二,三头 肌腱",Bo,"双侧肱二,三头肌腱",Bo
759,/Users/floyd/Desktop/Research/NER-CRF/cctner/dataset/annoted/batch1/出院情况/出院情况-287.txt,对称,161,162,对称,Sy,,
760,/Users/floyd/Desktop/Research/NER-CRF/cctner/dataset/annoted/batch1/出院情况/出院情况-292.txt,胸痛,20,21,胸痛,Sy,,
761,/Users/floyd/Desktop/Research/NER-CRF/cctner/dataset/annoted/batch1/出院情况/出院情况-292.txt,心悸,24,25,心悸,Sy,,
762,/Users/floyd/Desktop/Research/NER-CRF/cctner/dataset/annoted/batch1/出院情况/出院情况-292.txt,抽搐,45,46,抽搐,Sy,,
763,/Users/floyd/Desktop/Research/NER-CRF/cctner/dataset/annoted/batch1/出院情况/出院情况-292.txt,心,92,92,心,Bo,,
764,/Users/floyd/Desktop/Research/NER-CRF/cctner/dataset/annoted/batch1/出院情况/出院情况-299.txt,对称,147,148,对称,Sy,,
765,/Users/floyd/Desktop/Research/NER-CRF/cctner/dataset/annoted/batch1/出院情况/出院情况-30.txt,手术切口皮缘,59,64,手术切口皮缘,Bo,,
766,/Users/floyd/Desktop/Research/NER-CRF/cctner/dataset/annoted/batch1/出院情况/出院情况-39.txt,神经系统查体,117,122,查体,Ch,神经系统查体,Ch
767,/Users/floyd/Desktop/Research/NER-CRF/cctner/dataset/annoted/batch1/出院情况/出院情况-43.txt,对称,19,20,对称,Sy,,
768,/Users/floyd/Desktop/Research/NER-CRF/cctner/dataset/annoted/batch1/出院情况/出院情况-43.txt,右肾区,25,27,右肾,Bo,右肾区,Bo
769,/Users/floyd/Desktop/Research/NER-CRF/cctner/dataset/annoted/batch1/出院情况/出院情况-48.txt,检查,91,92,检查,Ch,,
770,/Users/floyd/Desktop/Research/NER-CRF/cctner/dataset/annoted/batch1/出院情况/出院情况-52.txt,尿液,24,25,尿液,Bo,,
771,/Users/floyd/Desktop/Research/NER-CRF/cctner/dataset/annoted/batch1/出院情况/出院情况-52.txt,尿液,30,31,,,尿液,Bo
772,/Users/floyd/Desktop/Research/NER-CRF/cctner/dataset/annoted/batch1/出院情况/出院情况-52.txt,对称,208,209,对称,Sy,,
773,/Users/floyd/Desktop/Research/NER-CRF/cctner/dataset/annoted/batch1/出院情况/出院情况-52.txt,膀胱造瘘管,266,270,膀胱,Bo,膀胱造瘘管,Bo
774,/Users/floyd/Desktop/Research/NER-CRF/cctner/dataset/annoted/batch1/出院情况/出院情况-52.txt,尿,277,277,尿,Bo,,
775,/Users/floyd/Desktop/Research/NER-CRF/cctner/dataset/annoted/batch1/出院情况/出院情况-52.txt,膀胱,283,284,膀胱,Bo,,
776,/Users/floyd/Desktop/Research/NER-CRF/cctner/dataset/annoted/batch1/出院情况/出院情况-52.txt,血,300,300,,,血,Bo
777,/Users/floyd/Desktop/Research/NER-CRF/cctner/dataset/annoted/batch1/出院情况/出院情况-52.txt,分泌物,312,314,分泌物,Ch,,
778,/Users/floyd/Desktop/Research/NER-CRF/cctner/dataset/annoted/batch1/出院情况/出院情况-54.txt,双侧输尿管走行区,61,68,双侧输尿管走行区,Bo,双侧输尿管,Bo
779,/Users/floyd/Desktop/Research/NER-CRF/cctner/dataset/annoted/batch1/出院情况/出院情况-58.txt,尿液,32,33,尿液,Bo,,
780,/Users/floyd/Desktop/Research/NER-CRF/cctner/dataset/annoted/batch1/出院情况/出院情况-58.txt,便,61,61,便,Bo,,
781,/Users/floyd/Desktop/Research/NER-CRF/cctner/dataset/annoted/batch1/出院情况/出院情况-58.txt,对称,226,227,对称,Sy,,
782,/Users/floyd/Desktop/Research/NER-CRF/cctner/dataset/annoted/batch1/出院情况/出院情况-58.txt,左肾区,232,234,左肾,Bo,左肾区,Bo
783,/Users/floyd/Desktop/Research/NER-CRF/cctner/dataset/annoted/batch1/出院情况/出院情况-58.txt,尿,308,308,尿,Bo,,
784,/Users/floyd/Desktop/Research/NER-CRF/cctner/dataset/annoted/batch1/出院情况/出院情况-60.txt,二便,24,25,二便,Bo,,
785,/Users/floyd/Desktop/Research/NER-CRF/cctner/dataset/annoted/batch1/出院情况/出院情况-60.txt,双上臂内侧,84,88,双上臂内侧,Bo,双上臂,Bo
786,/Users/floyd/Desktop/Research/NER-CRF/cctner/dataset/annoted/batch1/出院情况/出院情况-61.txt,对称,78,79,对称,Sy,,
787,/Users/floyd/Desktop/Research/NER-CRF/cctner/dataset/annoted/batch1/出院情况/出院情况-61.txt,畸形胸骨中上段,81,87,畸形,Sy,畸形胸骨中上段,Sy
788,/Users/floyd/Desktop/Research/NER-CRF/cctner/dataset/annoted/batch1/出院情况/出院情况-61.txt,畸形胸骨中上段,81,87,胸骨中上段,Bo,畸形胸骨中上段,Sy
789,/Users/floyd/Desktop/Research/NER-CRF/cctner/dataset/annoted/batch1/出院情况/出院情况-61.txt,右侧锁骨中线第Ⅴ肋间,146,155,右侧锁骨中线第Ⅴ肋,Bo,右侧锁骨中线第Ⅴ肋间,Bo
790,/Users/floyd/Desktop/Research/NER-CRF/cctner/dataset/annoted/batch1/出院情况/出院情况-61.txt,震颤,183,184,,,震颤,Sy
791,/Users/floyd/Desktop/Research/NER-CRF/cctner/dataset/annoted/batch1/出院情况/出院情况-61.txt,叩心界,186,188,,,叩心界,Ch
792,/Users/floyd/Desktop/Research/NER-CRF/cctner/dataset/annoted/batch1/出院情况/出院情况-79.txt,右膝关节,95,98,右膝关节,Bo,右膝,Bo
793,/Users/floyd/Desktop/Research/NER-CRF/cctner/dataset/annoted/batch1/出院情况/出院情况-79.txt,神经系统查体,122,127,查体,Ch,神经系统查体,Ch
794,/Users/floyd/Desktop/Research/NER-CRF/cctner/dataset/annoted/batch1/出院情况/出院情况-8.txt,抽搐,22,23,抽搐,Sy,,
795,/Users/floyd/Desktop/Research/NER-CRF/cctner/dataset/annoted/batch1/出院情况/出院情况-8.txt,右侧胸壁腋前线,74,80,右侧胸壁腋前线,Bo,右侧胸壁腋,Bo
796,/Users/floyd/Desktop/Research/NER-CRF/cctner/dataset/annoted/batch1/出院情况/出院情况-8.txt,肿胀,104,105,,,肿胀,Sy
797,/Users/floyd/Desktop/Research/NER-CRF/cctner/dataset/annoted/batch1/出院情况/出院情况-8.txt,湿性啰音,120,123,,,湿性啰音,Ch
798,/Users/floyd/Desktop/Research/NER-CRF/cctner/dataset/annoted/batch1/出院情况/出院情况-80.txt,神经系统查体,145,150,查体,Ch,神经系统查体,Ch
799,/Users/floyd/Desktop/Research/NER-CRF/cctner/dataset/annoted/batch1/出院情况/出院情况-86.txt,对称,64,65,对称,Sy,,
800,/Users/floyd/Desktop/Research/NER-CRF/cctner/dataset/annoted/batch1/出院情况/出院情况-9.txt,谵妄,3,4,谵妄,Sy,,
801,/Users/floyd/Desktop/Research/NER-CRF/cctner/dataset/annoted/batch1/出院情况/出院情况-94.txt,双侧瞳孔,50,53,瞳孔,Bo,双侧瞳孔,Bo
802,/Users/floyd/Desktop/Research/NER-CRF/cctner/dataset/annoted/batch1/出院情况/出院情况-96.txt,对称,140,141,对称,Sy,,
803,/Users/floyd/Desktop/Research/NER-CRF/cctner/dataset/annoted/batch1/出院情况/出院情况-96.txt,胸,146,146,胸,Bo,,
804,/Users/floyd/Desktop/Research/NER-CRF/cctner/dataset/annoted/batch1/出院情况/出院情况-96.txt,挤压试验,188,191,挤压试验,Ch,,
805,/Users/floyd/Desktop/Research/NER-CRF/cctner/dataset/annoted/batch1/出院情况/出院情况-99.txt,对光反应,71,74,对光反应,Ch,,
806,/Users/floyd/Desktop/Research/NER-CRF/cctner/dataset/annoted/batch1/出院情况/出院情况-99.txt,耳、鼻、喉腔,78,83,耳,Bo,耳、鼻、喉腔,Bo
807,/Users/floyd/Desktop/Research/NER-CRF/cctner/dataset/annoted/batch1/出院情况/出院情况-99.txt,耳、鼻、喉腔,78,83,鼻,Bo,耳、鼻、喉腔,Bo
808,/Users/floyd/Desktop/Research/NER-CRF/cctner/dataset/annoted/batch1/出院情况/出院情况-99.txt,耳、鼻、喉腔,78,83,喉腔,Bo,耳、鼻、喉腔,Bo
809,/Users/floyd/Desktop/Research/NER-CRF/cctner/dataset/annoted/batch1/出院情况/出院情况-99.txt,唇,95,95,,,唇,Bo
810,/Users/floyd/Desktop/Research/NER-CRF/cctner/dataset/annoted/batch1/出院情况/出院情况-99.txt,咽,101,101,,,咽,Bo
